[Header],,,,,,,,
IEMFileVersion,4,,,,,,,
Investigator Name,SF,,,,,,,
Experiment Name,SF_seqWell_Dixie-12B2-13A1-13A2-13B2_03042021,,,,,,,
Date,,,,,,,,
Workflow,GenerateFASTQ,,,,,,,
Application,Nextera XT,,,,,,,
Assay,TruSeq HT,,,,,,,
Description,SF_seqWell_Dixie-12B2-13A1-13A2-13B2_03042021,,,,,,,
Chemistry,Amplicon,,,,,,,
,,,,,,,,
[Reads],,,,,,,,
251,,,,,,,,
251,,,,,,,,
[Settings],,,,,,,,
,,,,,,,,
[Data],,,,,,,,
Sample_ID,Sample_Name,Sample_Plate,Sample_Well,I7_Index_ID,index,I5_Index_ID,index2,Description
NEB-12-B2,,,,X101,ACTCACCG,X089,CCCTATGG,sfossa@neb.com
NEB-12-D2,,,,X113,CCTTATGT,X089,CCCTATGG,sfossa@neb.com
NEB-12-F2,,,,X125,ATAGATCC,X089,CCCTATGG,sfossa@neb.com
NEB-12-H2,,,,X137,GGAGCTAT,X089,CCCTATGG,sfossa@neb.com
NEB-12-J2,,,,X149,TGGTGACT,X089,CCCTATGG,sfossa@neb.com
NEB-12-L2,,,,X161,CCGAGTTA,X089,CCCTATGG,sfossa@neb.com
NEB-12-N2,,,,X173,TGGTGGAA,X089,CCCTATGG,sfossa@neb.com
NEB-12-P2,,,,X185,CTGTACGC,X089,CCCTATGG,sfossa@neb.com
NEB-12-B4,,,,X102,GGCTCCTA,X089,CCCTATGG,sfossa@neb.com
NEB-12-D4,,,,X114,CAGAAGAA,X089,CCCTATGG,sfossa@neb.com
NEB-12-F4,,,,X126,CAGGAAGG,X089,CCCTATGG,sfossa@neb.com
NEB-12-H4,,,,X138,CGTCTGAA,X089,CCCTATGG,sfossa@neb.com
NEB-12-J4,,,,X150,ACTCGAAT,X089,CCCTATGG,sfossa@neb.com
NEB-12-L4,,,,X162,GTACCAGC,X089,CCCTATGG,sfossa@neb.com
NEB-12-N4,,,,X174,ACTTCAAC,X089,CCCTATGG,sfossa@neb.com
NEB-12-P4,,,,X186,CCTGTTAC,X089,CCCTATGG,sfossa@neb.com
NEB-12-B6,,,,X103,GTTGACAG,X089,CCCTATGG,sfossa@neb.com
NEB-12-D6,,,,X115,AATGTGCC,X089,CCCTATGG,sfossa@neb.com
NEB-12-F6,,,,X127,AAGTACCT,X089,CCCTATGG,sfossa@neb.com
NEB-12-H6,,,,X139,CGACTAGC,X089,CCCTATGG,sfossa@neb.com
NEB-12-J6,,,,X151,GTTAAGCA,X089,CCCTATGG,sfossa@neb.com
NEB-12-L6,,,,X163,AACCAATC,X089,CCCTATGG,sfossa@neb.com
NEB-12-N6,,,,X175,TCTATTGG,X089,CCCTATGG,sfossa@neb.com
NEB-12-P6,,,,X187,TGAATGTG,X089,CCCTATGG,sfossa@neb.com
NEB-12-B8,,,,X104,CCATTGCG,X089,CCCTATGG,sfossa@neb.com
NEB-12-D8,,,,X116,TTCACACT,X089,CCCTATGG,sfossa@neb.com
NEB-12-F8,,,,X128,ATGGTCCG,X089,CCCTATGG,sfossa@neb.com
NEB-12-H8,,,,X140,TCCTATCT,X089,CCCTATGG,sfossa@neb.com
NEB-12-J8,,,,X152,CACATGGT,X089,CCCTATGG,sfossa@neb.com
NEB-12-L8,,,,X164,GGTGTGAC,X089,CCCTATGG,sfossa@neb.com
NEB-12-N8,,,,X176,CCACAATG,X089,CCCTATGG,sfossa@neb.com
NEB-12-P8,,,,X188,TCAGATAC,X089,CCCTATGG,sfossa@neb.com
NEB-12-B10,,,,X105,TACAGAGT,X089,CCCTATGG,sfossa@neb.com
NEB-12-D10,,,,X117,CTTGTTGG,X089,CCCTATGG,sfossa@neb.com
NEB-12-F10,,,,X129,TGTAAGAC,X089,CCCTATGG,sfossa@neb.com
NEB-12-H10,,,,X141,CTGGTCGT,X089,CCCTATGG,sfossa@neb.com
NEB-12-J10,,,,X153,CTCGTACA,X089,CCCTATGG,sfossa@neb.com
NEB-12-L10,,,,X165,CGTAATTC,X089,CCCTATGG,sfossa@neb.com
NEB-12-N10,,,,X177,ATTCGCAG,X089,CCCTATGG,sfossa@neb.com
NEB-12-P10,,,,X189,ACCTGAGC,X089,CCCTATGG,sfossa@neb.com
NEB-12-B12,,,,X106,GTTCGTCT,X089,CCCTATGG,sfossa@neb.com
NEB-12-D12,,,,X118,CCAGGTAA,X089,CCCTATGG,sfossa@neb.com
NEB-12-F12,,,,X130,CACAGTCT,X089,CCCTATGG,sfossa@neb.com
NEB-12-H12,,,,X142,TGGTACAG,X089,CCCTATGG,sfossa@neb.com
NEB-12-J12,,,,X154,AACGCTTG,X089,CCCTATGG,sfossa@neb.com
NEB-12-L12,,,,X166,ATTCCGTA,X089,CCCTATGG,sfossa@neb.com
NEB-12-N12,,,,X178,CGCTCTTG,X089,CCCTATGG,sfossa@neb.com
NEB-12-P12,,,,X190,TGAACTCT,X089,CCCTATGG,sfossa@neb.com
NEB-12-B14,,,,X107,ACGAAGCG,X089,CCCTATGG,sfossa@neb.com
NEB-12-D14,,,,X119,CTCTCAGG,X089,CCCTATGG,sfossa@neb.com
NEB-12-F14,,,,X131,CACCGCAA,X089,CCCTATGG,sfossa@neb.com
NEB-12-H14,,,,X143,TGCTCCGT,X089,CCCTATGG,sfossa@neb.com
NEB-12-J14,,,,X155,CGAGCATT,X089,CCCTATGG,sfossa@neb.com
NEB-12-L14,,,,X167,ACCGTTCC,X089,CCCTATGG,sfossa@neb.com
NEB-12-N14,,,,X179,TCAAGGAT,X089,CCCTATGG,sfossa@neb.com
NEB-12-P14,,,,X191,CAAGTGAC,X089,CCCTATGG,sfossa@neb.com
NEB-12-B16,,,,X108,CAGAGTGG,X089,CCCTATGG,sfossa@neb.com
NEB-12-D16,,,,X120,TTGGCTGC,X089,CCCTATGG,sfossa@neb.com
NEB-12-F16,,,,X132,GATGAGAA,X089,CCCTATGG,sfossa@neb.com
NEB-12-H16,,,,X144,ATGACACC,X089,CCCTATGG,sfossa@neb.com
NEB-12-J16,,,,X156,TGTTGCAC,X089,CCCTATGG,sfossa@neb.com
NEB-12-L16,,,,X168,ATTCTCCA,X089,CCCTATGG,sfossa@neb.com
NEB-12-N16,,,,X180,CGCAACAG,X089,CCCTATGG,sfossa@neb.com
NEB-12-P16,,,,X192,CTTCTGGC,X089,CCCTATGG,sfossa@neb.com
NEB-12-B18,,,,X109,ATGGAACA,X089,CCCTATGG,sfossa@neb.com
NEB-12-D18,,,,X121,CTAACAAC,X089,CCCTATGG,sfossa@neb.com
NEB-12-F18,,,,X133,CCATACTC,X089,CCCTATGG,sfossa@neb.com
NEB-12-H18,,,,X145,TCCTTGGC,X089,CCCTATGG,sfossa@neb.com
NEB-12-J18,,,,X157,TCACTCAC,X089,CCCTATGG,sfossa@neb.com
NEB-12-L18,,,,X169,CAGGCTTC,X089,CCCTATGG,sfossa@neb.com
NEB-12-N18,,,,X181,CCTACACA,X089,CCCTATGG,sfossa@neb.com
NEB-12-P18,,,,X193,CGCGTGAT,X089,CCCTATGG,sfossa@neb.com
NEB-12-B20,,,,X110,CATCTTCT,X089,CCCTATGG,sfossa@neb.com
NEB-12-D20,,,,X122,ACATCCTT,X089,CCCTATGG,sfossa@neb.com
NEB-12-F20,,,,X134,ACACAACA,X089,CCCTATGG,sfossa@neb.com
NEB-12-H20,,,,X146,CAGGCCAT,X089,CCCTATGG,sfossa@neb.com
NEB-12-J20,,,,X158,CAACTCCG,X089,CCCTATGG,sfossa@neb.com
NEB-12-L20,,,,X170,ACCGACCA,X089,CCCTATGG,sfossa@neb.com
NEB-12-N20,,,,X182,GTGCGAGT,X089,CCCTATGG,sfossa@neb.com
NEB-12-P20,,,,X194,ATGCCGCT,X089,CCCTATGG,sfossa@neb.com
NEB-12-B22,,,,X111,TCCTCAGA,X089,CCCTATGG,sfossa@neb.com
NEB-12-D22,,,,X123,ACGCTGCA,X089,CCCTATGG,sfossa@neb.com
NEB-12-F22,,,,X135,CGATGGCA,X089,CCCTATGG,sfossa@neb.com
NEB-12-H22,,,,X147,CAACCGTG,X089,CCCTATGG,sfossa@neb.com
NEB-12-J22,,,,X159,TCAACTGA,X089,CCCTATGG,sfossa@neb.com
NEB-12-L22,,,,X171,CAAGTAGT,X089,CCCTATGG,sfossa@neb.com
NEB-12-N22,,,,X183,GTGTCCAT,X089,CCCTATGG,sfossa@neb.com
NEB-12-P22,,,,X195,CTAGCCGA,X089,CCCTATGG,sfossa@neb.com
NEB-12-B24,,,,X112,TTCCATTC,X089,CCCTATGG,sfossa@neb.com
NEB-12-D24,,,,X124,CTAAGGCG,X089,CCCTATGG,sfossa@neb.com
NEB-12-F24,,,,X136,GTTATCGA,X089,CCCTATGG,sfossa@neb.com
NEB-12-H24,,,,X148,TGGACAAC,X089,CCCTATGG,sfossa@neb.com
NEB-12-J24,,,,X160,CTATTCCA,X089,CCCTATGG,sfossa@neb.com
NEB-12-L24,,,,X172,CTGCGAAC,X089,CCCTATGG,sfossa@neb.com
NEB-12-N24,,,,X184,GCCAGTGT,X089,CCCTATGG,sfossa@neb.com
NEB-12-P24,,,,X196,GTGCGTTC,X089,CCCTATGG,sfossa@neb.com
NEB-13-A1,,,,X101,ACTCACCG,X048,TCCGACTA,sfossa@neb.com
NEB-13-C1,,,,X113,CCTTATGT,X048,TCCGACTA,sfossa@neb.com
NEB-13-E1,,,,X125,ATAGATCC,X048,TCCGACTA,sfossa@neb.com
NEB-13-G1,,,,X137,GGAGCTAT,X048,TCCGACTA,sfossa@neb.com
NEB-13-I1,,,,X149,TGGTGACT,X048,TCCGACTA,sfossa@neb.com
NEB-13-K1,,,,X161,CCGAGTTA,X048,TCCGACTA,sfossa@neb.com
NEB-13-M1,,,,X173,TGGTGGAA,X048,TCCGACTA,sfossa@neb.com
NEB-13-O1,,,,X185,CTGTACGC,X048,TCCGACTA,sfossa@neb.com
NEB-13- A3,,,,X102,GGCTCCTA,X048,TCCGACTA,sfossa@neb.com
NEB-13-C3,,,,X114,CAGAAGAA,X048,TCCGACTA,sfossa@neb.com
NEB-13-E3,,,,X126,CAGGAAGG,X048,TCCGACTA,sfossa@neb.com
NEB-13-G3,,,,X138,CGTCTGAA,X048,TCCGACTA,sfossa@neb.com
NEB-13-I3,,,,X150,ACTCGAAT,X048,TCCGACTA,sfossa@neb.com
NEB-13-K3,,,,X162,GTACCAGC,X048,TCCGACTA,sfossa@neb.com
NEB-13-M3,,,,X174,ACTTCAAC,X048,TCCGACTA,sfossa@neb.com
NEB-13-O3,,,,X186,CCTGTTAC,X048,TCCGACTA,sfossa@neb.com
NEB-13-A5,,,,X103,GTTGACAG,X048,TCCGACTA,sfossa@neb.com
NEB-13-C5,,,,X115,AATGTGCC,X048,TCCGACTA,sfossa@neb.com
NEB-13-E5,,,,X127,AAGTACCT,X048,TCCGACTA,sfossa@neb.com
NEB-13-G5,,,,X139,CGACTAGC,X048,TCCGACTA,sfossa@neb.com
NEB-13-I5,,,,X151,GTTAAGCA,X048,TCCGACTA,sfossa@neb.com
NEB-13-K5,,,,X163,AACCAATC,X048,TCCGACTA,sfossa@neb.com
NEB-13-M5,,,,X175,TCTATTGG,X048,TCCGACTA,sfossa@neb.com
NEB-13-O5,,,,X187,TGAATGTG,X048,TCCGACTA,sfossa@neb.com
NEB-13-A7,,,,X104,CCATTGCG,X048,TCCGACTA,sfossa@neb.com
NEB-13-C7,,,,X116,TTCACACT,X048,TCCGACTA,sfossa@neb.com
NEB-13-E7,,,,X128,ATGGTCCG,X048,TCCGACTA,sfossa@neb.com
NEB-13-G7,,,,X140,TCCTATCT,X048,TCCGACTA,sfossa@neb.com
NEB-13-I7,,,,X152,CACATGGT,X048,TCCGACTA,sfossa@neb.com
NEB-13-K7,,,,X164,GGTGTGAC,X048,TCCGACTA,sfossa@neb.com
NEB-13-M7,,,,X176,CCACAATG,X048,TCCGACTA,sfossa@neb.com
NEB-13-O7,,,,X188,TCAGATAC,X048,TCCGACTA,sfossa@neb.com
NEB-13-A9,,,,X105,TACAGAGT,X048,TCCGACTA,sfossa@neb.com
NEB-13-C9,,,,X117,CTTGTTGG,X048,TCCGACTA,sfossa@neb.com
NEB-13-E9,,,,X129,TGTAAGAC,X048,TCCGACTA,sfossa@neb.com
NEB-13-G9,,,,X141,CTGGTCGT,X048,TCCGACTA,sfossa@neb.com
NEB-13-I9,,,,X153,CTCGTACA,X048,TCCGACTA,sfossa@neb.com
NEB-13-K9,,,,X165,CGTAATTC,X048,TCCGACTA,sfossa@neb.com
NEB-13-M9,,,,X177,ATTCGCAG,X048,TCCGACTA,sfossa@neb.com
NEB-13-O9,,,,X189,ACCTGAGC,X048,TCCGACTA,sfossa@neb.com
NEB-13-A11,,,,X106,GTTCGTCT,X048,TCCGACTA,sfossa@neb.com
NEB-13-C11,,,,X118,CCAGGTAA,X048,TCCGACTA,sfossa@neb.com
NEB-13-E11,,,,X130,CACAGTCT,X048,TCCGACTA,sfossa@neb.com
NEB-13-G11,,,,X142,TGGTACAG,X048,TCCGACTA,sfossa@neb.com
NEB-13-I11,,,,X154,AACGCTTG,X048,TCCGACTA,sfossa@neb.com
NEB-13-K11,,,,X166,ATTCCGTA,X048,TCCGACTA,sfossa@neb.com
NEB-13-M11,,,,X178,CGCTCTTG,X048,TCCGACTA,sfossa@neb.com
NEB-13-O11,,,,X190,TGAACTCT,X048,TCCGACTA,sfossa@neb.com
NEB-13-A13,,,,X107,ACGAAGCG,X048,TCCGACTA,sfossa@neb.com
NEB-13-C13,,,,X119,CTCTCAGG,X048,TCCGACTA,sfossa@neb.com
NEB-13-E13,,,,X131,CACCGCAA,X048,TCCGACTA,sfossa@neb.com
NEB-13-G13,,,,X143,TGCTCCGT,X048,TCCGACTA,sfossa@neb.com
NEB-13-I13,,,,X155,CGAGCATT,X048,TCCGACTA,sfossa@neb.com
NEB-13-K13,,,,X167,ACCGTTCC,X048,TCCGACTA,sfossa@neb.com
NEB-13-M13,,,,X179,TCAAGGAT,X048,TCCGACTA,sfossa@neb.com
NEB-13-O13,,,,X191,CAAGTGAC,X048,TCCGACTA,sfossa@neb.com
NEB-13-A15,,,,X108,CAGAGTGG,X048,TCCGACTA,sfossa@neb.com
NEB-13-C15,,,,X120,TTGGCTGC,X048,TCCGACTA,sfossa@neb.com
NEB-13-E15,,,,X132,GATGAGAA,X048,TCCGACTA,sfossa@neb.com
NEB-13-G15,,,,X144,ATGACACC,X048,TCCGACTA,sfossa@neb.com
NEB-13-I15,,,,X156,TGTTGCAC,X048,TCCGACTA,sfossa@neb.com
NEB-13-K15,,,,X168,ATTCTCCA,X048,TCCGACTA,sfossa@neb.com
NEB-13-M15,,,,X180,CGCAACAG,X048,TCCGACTA,sfossa@neb.com
NEB-13-O15,,,,X192,CTTCTGGC,X048,TCCGACTA,sfossa@neb.com
NEB-13-A17,,,,X109,ATGGAACA,X048,TCCGACTA,sfossa@neb.com
NEB-13-C17,,,,X121,CTAACAAC,X048,TCCGACTA,sfossa@neb.com
NEB-13-E17,,,,X133,CCATACTC,X048,TCCGACTA,sfossa@neb.com
NEB-13-G17,,,,X145,TCCTTGGC,X048,TCCGACTA,sfossa@neb.com
NEB-13-I17,,,,X157,TCACTCAC,X048,TCCGACTA,sfossa@neb.com
NEB-13-K17,,,,X169,CAGGCTTC,X048,TCCGACTA,sfossa@neb.com
NEB-13-M17,,,,X181,CCTACACA,X048,TCCGACTA,sfossa@neb.com
NEB-13-O17,,,,X193,CGCGTGAT,X048,TCCGACTA,sfossa@neb.com
NEB-13-A19,,,,X110,CATCTTCT,X048,TCCGACTA,sfossa@neb.com
NEB-13-C19,,,,X122,ACATCCTT,X048,TCCGACTA,sfossa@neb.com
NEB-13-E19,,,,X134,ACACAACA,X048,TCCGACTA,sfossa@neb.com
NEB-13-G19,,,,X146,CAGGCCAT,X048,TCCGACTA,sfossa@neb.com
NEB-13-I19,,,,X158,CAACTCCG,X048,TCCGACTA,sfossa@neb.com
NEB-13-K19,,,,X170,ACCGACCA,X048,TCCGACTA,sfossa@neb.com
NEB-13-M19,,,,X182,GTGCGAGT,X048,TCCGACTA,sfossa@neb.com
NEB-13-O19,,,,X194,ATGCCGCT,X048,TCCGACTA,sfossa@neb.com
NEB-13-A21,,,,X111,TCCTCAGA,X048,TCCGACTA,sfossa@neb.com
NEB-13-C21,,,,X123,ACGCTGCA,X048,TCCGACTA,sfossa@neb.com
NEB-13-E21,,,,X135,CGATGGCA,X048,TCCGACTA,sfossa@neb.com
NEB-13-G21,,,,X147,CAACCGTG,X048,TCCGACTA,sfossa@neb.com
NEB-13-I21,,,,X159,TCAACTGA,X048,TCCGACTA,sfossa@neb.com
NEB-13-K21,,,,X171,CAAGTAGT,X048,TCCGACTA,sfossa@neb.com
NEB-13-M21,,,,X183,GTGTCCAT,X048,TCCGACTA,sfossa@neb.com
NEB-13-O21,,,,X195,CTAGCCGA,X048,TCCGACTA,sfossa@neb.com
NEB-13-A23,,,,X112,TTCCATTC,X048,TCCGACTA,sfossa@neb.com
NEB-13-C23,,,,X124,CTAAGGCG,X048,TCCGACTA,sfossa@neb.com
NEB-13-E23,,,,X136,GTTATCGA,X048,TCCGACTA,sfossa@neb.com
NEB-13-G23,,,,X148,TGGACAAC,X048,TCCGACTA,sfossa@neb.com
NEB-13-I23,,,,X160,CTATTCCA,X048,TCCGACTA,sfossa@neb.com
NEB-13-K23,,,,X172,CTGCGAAC,X048,TCCGACTA,sfossa@neb.com
NEB-13-M23,,,,X184,GCCAGTGT,X048,TCCGACTA,sfossa@neb.com
NEB-13-O23,,,,X196,GTGCGTTC,X048,TCCGACTA,sfossa@neb.com
NEB-13-A2,,,,X101,ACTCACCG,X055,ATGGACAT,sfossa@neb.com
NEB-13-C2,,,,X113,CCTTATGT,X055,ATGGACAT,sfossa@neb.com
NEB-13-E2,,,,X125,ATAGATCC,X055,ATGGACAT,sfossa@neb.com
NEB-13-G2,,,,X137,GGAGCTAT,X055,ATGGACAT,sfossa@neb.com
NEB-13-I2,,,,X149,TGGTGACT,X055,ATGGACAT,sfossa@neb.com
NEB-13-K2,,,,X161,CCGAGTTA,X055,ATGGACAT,sfossa@neb.com
NEB-13-M2,,,,X173,TGGTGGAA,X055,ATGGACAT,sfossa@neb.com
NEB-13-O2,,,,X185,CTGTACGC,X055,ATGGACAT,sfossa@neb.com
NEB-13-A4,,,,X102,GGCTCCTA,X055,ATGGACAT,sfossa@neb.com
NEB-13-C4,,,,X114,CAGAAGAA,X055,ATGGACAT,sfossa@neb.com
NEB-13-E4,,,,X126,CAGGAAGG,X055,ATGGACAT,sfossa@neb.com
NEB-13-G4,,,,X138,CGTCTGAA,X055,ATGGACAT,sfossa@neb.com
NEB-13-I4,,,,X150,ACTCGAAT,X055,ATGGACAT,sfossa@neb.com
NEB-13-K4,,,,X162,GTACCAGC,X055,ATGGACAT,sfossa@neb.com
NEB-13-M4,,,,X174,ACTTCAAC,X055,ATGGACAT,sfossa@neb.com
NEB-13-O4,,,,X186,CCTGTTAC,X055,ATGGACAT,sfossa@neb.com
NEB-13-A6,,,,X103,GTTGACAG,X055,ATGGACAT,sfossa@neb.com
NEB-13-C6,,,,X115,AATGTGCC,X055,ATGGACAT,sfossa@neb.com
NEB-13-E6,,,,X127,AAGTACCT,X055,ATGGACAT,sfossa@neb.com
NEB-13-G6,,,,X139,CGACTAGC,X055,ATGGACAT,sfossa@neb.com
NEB-13-I6,,,,X151,GTTAAGCA,X055,ATGGACAT,sfossa@neb.com
NEB-13-K6,,,,X163,AACCAATC,X055,ATGGACAT,sfossa@neb.com
NEB-13-M6,,,,X175,TCTATTGG,X055,ATGGACAT,sfossa@neb.com
NEB-13-O6,,,,X187,TGAATGTG,X055,ATGGACAT,sfossa@neb.com
NEB-13-A8,,,,X104,CCATTGCG,X055,ATGGACAT,sfossa@neb.com
NEB-13-C8,,,,X116,TTCACACT,X055,ATGGACAT,sfossa@neb.com
NEB-13-E8,,,,X128,ATGGTCCG,X055,ATGGACAT,sfossa@neb.com
NEB-13-G8,,,,X140,TCCTATCT,X055,ATGGACAT,sfossa@neb.com
NEB-13-I8,,,,X152,CACATGGT,X055,ATGGACAT,sfossa@neb.com
NEB-13-K8,,,,X164,GGTGTGAC,X055,ATGGACAT,sfossa@neb.com
NEB-13-M8,,,,X176,CCACAATG,X055,ATGGACAT,sfossa@neb.com
NEB-13-O8,,,,X188,TCAGATAC,X055,ATGGACAT,sfossa@neb.com
NEB-13-A10,,,,X105,TACAGAGT,X055,ATGGACAT,sfossa@neb.com
NEB-13-C10,,,,X117,CTTGTTGG,X055,ATGGACAT,sfossa@neb.com
NEB-13-E10,,,,X129,TGTAAGAC,X055,ATGGACAT,sfossa@neb.com
NEB-13-G10,,,,X141,CTGGTCGT,X055,ATGGACAT,sfossa@neb.com
NEB-13-I10,,,,X153,CTCGTACA,X055,ATGGACAT,sfossa@neb.com
NEB-13-K10,,,,X165,CGTAATTC,X055,ATGGACAT,sfossa@neb.com
NEB-13-M10,,,,X177,ATTCGCAG,X055,ATGGACAT,sfossa@neb.com
NEB-13-O10,,,,X189,ACCTGAGC,X055,ATGGACAT,sfossa@neb.com
NEB-13-A12,,,,X106,GTTCGTCT,X055,ATGGACAT,sfossa@neb.com
NEB-13-C12,,,,X118,CCAGGTAA,X055,ATGGACAT,sfossa@neb.com
NEB-13-E12,,,,X130,CACAGTCT,X055,ATGGACAT,sfossa@neb.com
NEB-13-G12,,,,X142,TGGTACAG,X055,ATGGACAT,sfossa@neb.com
NEB-13-I12,,,,X154,AACGCTTG,X055,ATGGACAT,sfossa@neb.com
NEB-13-K12,,,,X166,ATTCCGTA,X055,ATGGACAT,sfossa@neb.com
NEB-13-M12,,,,X178,CGCTCTTG,X055,ATGGACAT,sfossa@neb.com
NEB-13-O12,,,,X190,TGAACTCT,X055,ATGGACAT,sfossa@neb.com
NEB-13-A14,,,,X107,ACGAAGCG,X055,ATGGACAT,sfossa@neb.com
NEB-13-C14,,,,X119,CTCTCAGG,X055,ATGGACAT,sfossa@neb.com
NEB-13-E14,,,,X131,CACCGCAA,X055,ATGGACAT,sfossa@neb.com
NEB-13-G14,,,,X143,TGCTCCGT,X055,ATGGACAT,sfossa@neb.com
NEB-13-I14,,,,X155,CGAGCATT,X055,ATGGACAT,sfossa@neb.com
NEB-13-K14,,,,X167,ACCGTTCC,X055,ATGGACAT,sfossa@neb.com
NEB-13-M14,,,,X179,TCAAGGAT,X055,ATGGACAT,sfossa@neb.com
NEB-13-O14,,,,X191,CAAGTGAC,X055,ATGGACAT,sfossa@neb.com
NEB-13-A16,,,,X108,CAGAGTGG,X055,ATGGACAT,sfossa@neb.com
NEB-13-C16,,,,X120,TTGGCTGC,X055,ATGGACAT,sfossa@neb.com
NEB-13-E16,,,,X132,GATGAGAA,X055,ATGGACAT,sfossa@neb.com
NEB-13-G16,,,,X144,ATGACACC,X055,ATGGACAT,sfossa@neb.com
NEB-13-I16,,,,X156,TGTTGCAC,X055,ATGGACAT,sfossa@neb.com
NEB-13-K16,,,,X168,ATTCTCCA,X055,ATGGACAT,sfossa@neb.com
NEB-13-M16,,,,X180,CGCAACAG,X055,ATGGACAT,sfossa@neb.com
NEB-13-O16,,,,X192,CTTCTGGC,X055,ATGGACAT,sfossa@neb.com
NEB-13-A18,,,,X109,ATGGAACA,X055,ATGGACAT,sfossa@neb.com
NEB-13-C18,,,,X121,CTAACAAC,X055,ATGGACAT,sfossa@neb.com
NEB-13-E18,,,,X133,CCATACTC,X055,ATGGACAT,sfossa@neb.com
NEB-13-G18,,,,X145,TCCTTGGC,X055,ATGGACAT,sfossa@neb.com
NEB-13-I18,,,,X157,TCACTCAC,X055,ATGGACAT,sfossa@neb.com
NEB-13-K18,,,,X169,CAGGCTTC,X055,ATGGACAT,sfossa@neb.com
NEB-13-M18,,,,X181,CCTACACA,X055,ATGGACAT,sfossa@neb.com
NEB-13-O18,,,,X193,CGCGTGAT,X055,ATGGACAT,sfossa@neb.com
NEB-13-A20,,,,X110,CATCTTCT,X055,ATGGACAT,sfossa@neb.com
NEB-13-C20,,,,X122,ACATCCTT,X055,ATGGACAT,sfossa@neb.com
NEB-13-E20,,,,X134,ACACAACA,X055,ATGGACAT,sfossa@neb.com
NEB-13-G20,,,,X146,CAGGCCAT,X055,ATGGACAT,sfossa@neb.com
NEB-13-I20,,,,X158,CAACTCCG,X055,ATGGACAT,sfossa@neb.com
NEB-13-K20,,,,X170,ACCGACCA,X055,ATGGACAT,sfossa@neb.com
NEB-13-M20,,,,X182,GTGCGAGT,X055,ATGGACAT,sfossa@neb.com
NEB-13-O20,,,,X194,ATGCCGCT,X055,ATGGACAT,sfossa@neb.com
NEB-13-A22,,,,X111,TCCTCAGA,X055,ATGGACAT,sfossa@neb.com
NEB-13-C22,,,,X123,ACGCTGCA,X055,ATGGACAT,sfossa@neb.com
NEB-13-E22,,,,X135,CGATGGCA,X055,ATGGACAT,sfossa@neb.com
NEB-13-G22,,,,X147,CAACCGTG,X055,ATGGACAT,sfossa@neb.com
NEB-13-I22,,,,X159,TCAACTGA,X055,ATGGACAT,sfossa@neb.com
NEB-13-K22,,,,X171,CAAGTAGT,X055,ATGGACAT,sfossa@neb.com
NEB-13-M22,,,,X183,GTGTCCAT,X055,ATGGACAT,sfossa@neb.com
NEB-13-O22,,,,X195,CTAGCCGA,X055,ATGGACAT,sfossa@neb.com
NEB-13-A24,,,,X112,TTCCATTC,X055,ATGGACAT,sfossa@neb.com
NEB-13-C24,,,,X124,CTAAGGCG,X055,ATGGACAT,sfossa@neb.com
NEB-13-E24,,,,X136,GTTATCGA,X055,ATGGACAT,sfossa@neb.com
NEB-13-G24,,,,X148,TGGACAAC,X055,ATGGACAT,sfossa@neb.com
NEB-13-I24,,,,X160,CTATTCCA,X055,ATGGACAT,sfossa@neb.com
NEB-13-K24,,,,X172,CTGCGAAC,X055,ATGGACAT,sfossa@neb.com
NEB-13-M24,,,,X184,GCCAGTGT,X055,ATGGACAT,sfossa@neb.com
NEB-13-O24,,,,X196,GTGCGTTC,X055,ATGGACAT,sfossa@neb.com
NEB-13-B2,,,,X101,ACTCACCG,X083,CTCAAATA,sfossa@neb.com
NEB-13-D2,,,,X113,CCTTATGT,X083,CTCAAATA,sfossa@neb.com
NEB-13-F2,,,,X125,ATAGATCC,X083,CTCAAATA,sfossa@neb.com
NEB-13-H2,,,,X137,GGAGCTAT,X083,CTCAAATA,sfossa@neb.com
NEB-13-J2,,,,X149,TGGTGACT,X083,CTCAAATA,sfossa@neb.com
NEB-13-L2,,,,X161,CCGAGTTA,X083,CTCAAATA,sfossa@neb.com
NEB-13-N2,,,,X173,TGGTGGAA,X083,CTCAAATA,sfossa@neb.com
NEB-13-P2,,,,X185,CTGTACGC,X083,CTCAAATA,sfossa@neb.com
NEB-13-B4,,,,X102,GGCTCCTA,X083,CTCAAATA,sfossa@neb.com
NEB-13-D4,,,,X114,CAGAAGAA,X083,CTCAAATA,sfossa@neb.com
NEB-13-F4,,,,X126,CAGGAAGG,X083,CTCAAATA,sfossa@neb.com
NEB-13-H4,,,,X138,CGTCTGAA,X083,CTCAAATA,sfossa@neb.com
NEB-13-J4,,,,X150,ACTCGAAT,X083,CTCAAATA,sfossa@neb.com
NEB-13-L4,,,,X162,GTACCAGC,X083,CTCAAATA,sfossa@neb.com
NEB-13-N4,,,,X174,ACTTCAAC,X083,CTCAAATA,sfossa@neb.com
NEB-13-P4,,,,X186,CCTGTTAC,X083,CTCAAATA,sfossa@neb.com
NEB-13-B6,,,,X103,GTTGACAG,X083,CTCAAATA,sfossa@neb.com
NEB-13-D6,,,,X115,AATGTGCC,X083,CTCAAATA,sfossa@neb.com
NEB-13-F6,,,,X127,AAGTACCT,X083,CTCAAATA,sfossa@neb.com
NEB-13-H6,,,,X139,CGACTAGC,X083,CTCAAATA,sfossa@neb.com
NEB-13-J6,,,,X151,GTTAAGCA,X083,CTCAAATA,sfossa@neb.com
NEB-13-L6,,,,X163,AACCAATC,X083,CTCAAATA,sfossa@neb.com
NEB-13-N6,,,,X175,TCTATTGG,X083,CTCAAATA,sfossa@neb.com
NEB-13-P6,,,,X187,TGAATGTG,X083,CTCAAATA,sfossa@neb.com
NEB-13-B8,,,,X104,CCATTGCG,X083,CTCAAATA,sfossa@neb.com
NEB-13-D8,,,,X116,TTCACACT,X083,CTCAAATA,sfossa@neb.com
NEB-13-F8,,,,X128,ATGGTCCG,X083,CTCAAATA,sfossa@neb.com
NEB-13-H8,,,,X140,TCCTATCT,X083,CTCAAATA,sfossa@neb.com
NEB-13-J8,,,,X152,CACATGGT,X083,CTCAAATA,sfossa@neb.com
NEB-13-L8,,,,X164,GGTGTGAC,X083,CTCAAATA,sfossa@neb.com
NEB-13-N8,,,,X176,CCACAATG,X083,CTCAAATA,sfossa@neb.com
NEB-13-P8,,,,X188,TCAGATAC,X083,CTCAAATA,sfossa@neb.com
NEB-13-B10,,,,X105,TACAGAGT,X083,CTCAAATA,sfossa@neb.com
NEB-13-D10,,,,X117,CTTGTTGG,X083,CTCAAATA,sfossa@neb.com
NEB-13-F10,,,,X129,TGTAAGAC,X083,CTCAAATA,sfossa@neb.com
NEB-13-H10,,,,X141,CTGGTCGT,X083,CTCAAATA,sfossa@neb.com
NEB-13-J10,,,,X153,CTCGTACA,X083,CTCAAATA,sfossa@neb.com
NEB-13-L10,,,,X165,CGTAATTC,X083,CTCAAATA,sfossa@neb.com
NEB-13-N10,,,,X177,ATTCGCAG,X083,CTCAAATA,sfossa@neb.com
NEB-13-P10,,,,X189,ACCTGAGC,X083,CTCAAATA,sfossa@neb.com
NEB-13-B12,,,,X106,GTTCGTCT,X083,CTCAAATA,sfossa@neb.com
NEB-13-D12,,,,X118,CCAGGTAA,X083,CTCAAATA,sfossa@neb.com
NEB-13-F12,,,,X130,CACAGTCT,X083,CTCAAATA,sfossa@neb.com
NEB-13-H12,,,,X142,TGGTACAG,X083,CTCAAATA,sfossa@neb.com
NEB-13-J12,,,,X154,AACGCTTG,X083,CTCAAATA,sfossa@neb.com
NEB-13-L12,,,,X166,ATTCCGTA,X083,CTCAAATA,sfossa@neb.com
NEB-13-N12,,,,X178,CGCTCTTG,X083,CTCAAATA,sfossa@neb.com
NEB-13-P12,,,,X190,TGAACTCT,X083,CTCAAATA,sfossa@neb.com
NEB-13-B14,,,,X107,ACGAAGCG,X083,CTCAAATA,sfossa@neb.com
NEB-13-D14,,,,X119,CTCTCAGG,X083,CTCAAATA,sfossa@neb.com
NEB-13-F14,,,,X131,CACCGCAA,X083,CTCAAATA,sfossa@neb.com
NEB-13-H14,,,,X143,TGCTCCGT,X083,CTCAAATA,sfossa@neb.com
NEB-13-J14,,,,X155,CGAGCATT,X083,CTCAAATA,sfossa@neb.com
NEB-13-L14,,,,X167,ACCGTTCC,X083,CTCAAATA,sfossa@neb.com
NEB-13-N14,,,,X179,TCAAGGAT,X083,CTCAAATA,sfossa@neb.com
NEB-13-P14,,,,X191,CAAGTGAC,X083,CTCAAATA,sfossa@neb.com
NEB-13-B16,,,,X108,CAGAGTGG,X083,CTCAAATA,sfossa@neb.com
NEB-13-D16,,,,X120,TTGGCTGC,X083,CTCAAATA,sfossa@neb.com
NEB-13-F16,,,,X132,GATGAGAA,X083,CTCAAATA,sfossa@neb.com
NEB-13-H16,,,,X144,ATGACACC,X083,CTCAAATA,sfossa@neb.com
NEB-13-J16,,,,X156,TGTTGCAC,X083,CTCAAATA,sfossa@neb.com
NEB-13-L16,,,,X168,ATTCTCCA,X083,CTCAAATA,sfossa@neb.com
NEB-13-N16,,,,X180,CGCAACAG,X083,CTCAAATA,sfossa@neb.com
NEB-13-P16,,,,X192,CTTCTGGC,X083,CTCAAATA,sfossa@neb.com
NEB-13-B18,,,,X109,ATGGAACA,X083,CTCAAATA,sfossa@neb.com
NEB-13-D18,,,,X121,CTAACAAC,X083,CTCAAATA,sfossa@neb.com
NEB-13-F18,,,,X133,CCATACTC,X083,CTCAAATA,sfossa@neb.com
NEB-13-H18,,,,X145,TCCTTGGC,X083,CTCAAATA,sfossa@neb.com
NEB-13-J18,,,,X157,TCACTCAC,X083,CTCAAATA,sfossa@neb.com
NEB-13-L18,,,,X169,CAGGCTTC,X083,CTCAAATA,sfossa@neb.com
NEB-13-N18,,,,X181,CCTACACA,X083,CTCAAATA,sfossa@neb.com
NEB-13-P18,,,,X193,CGCGTGAT,X083,CTCAAATA,sfossa@neb.com
NEB-13-B20,,,,X110,CATCTTCT,X083,CTCAAATA,sfossa@neb.com
NEB-13-D20,,,,X122,ACATCCTT,X083,CTCAAATA,sfossa@neb.com
NEB-13-F20,,,,X134,ACACAACA,X083,CTCAAATA,sfossa@neb.com
NEB-13-H20,,,,X146,CAGGCCAT,X083,CTCAAATA,sfossa@neb.com
NEB-13-J20,,,,X158,CAACTCCG,X083,CTCAAATA,sfossa@neb.com
NEB-13-L20,,,,X170,ACCGACCA,X083,CTCAAATA,sfossa@neb.com
NEB-13-N20,,,,X182,GTGCGAGT,X083,CTCAAATA,sfossa@neb.com
NEB-13-P20,,,,X194,ATGCCGCT,X083,CTCAAATA,sfossa@neb.com
NEB-13-B22,,,,X111,TCCTCAGA,X083,CTCAAATA,sfossa@neb.com
NEB-13-D22,,,,X123,ACGCTGCA,X083,CTCAAATA,sfossa@neb.com
NEB-13-F22,,,,X135,CGATGGCA,X083,CTCAAATA,sfossa@neb.com
NEB-13-H22,,,,X147,CAACCGTG,X083,CTCAAATA,sfossa@neb.com
NEB-13-J22,,,,X159,TCAACTGA,X083,CTCAAATA,sfossa@neb.com
NEB-13-L22,,,,X171,CAAGTAGT,X083,CTCAAATA,sfossa@neb.com
NEB-13-N22,,,,X183,GTGTCCAT,X083,CTCAAATA,sfossa@neb.com
NEB-13-P22,,,,X195,CTAGCCGA,X083,CTCAAATA,sfossa@neb.com
NEB-13-B24,,,,X112,TTCCATTC,X083,CTCAAATA,sfossa@neb.com
NEB-13-D24,,,,X124,CTAAGGCG,X083,CTCAAATA,sfossa@neb.com
NEB-13-F24,,,,X136,GTTATCGA,X083,CTCAAATA,sfossa@neb.com
NEB-13-H24,,,,X148,TGGACAAC,X083,CTCAAATA,sfossa@neb.com
NEB-13-J24,,,,X160,CTATTCCA,X083,CTCAAATA,sfossa@neb.com
NEB-13-L24,,,,X172,CTGCGAAC,X083,CTCAAATA,sfossa@neb.com
NEB-13-N24,,,,X184,GCCAGTGT,X083,CTCAAATA,sfossa@neb.com
NEB-13-P24,,,,X196,GTGCGTTC,X083,CTCAAATA,sfossa@neb.com