[Header],,,,,,,,,,,,,,
IEMFileVersion,4,,,,,,,,,,,,,
Investigator Name,Ryan_Fuchs,,,,,,,,,,,,,
Experiment Name,Pfuri_histoneKO,,,,,,,,,,,,,
Date,5_12_21,,,,,,,,,,,,,
Workflow,GenerateFASTQ,,,,,,,,,,,,,
Application,FASTQ Only,,,,,,,,,,,,,
Assay,TruSeq HT,,,,,,,,,,,,,
Description,,,,,,,,,,,,,,
Chemistry,Amplicon,,,,,,,,,,,,,
,,,,,,,,,,,,,,
[Reads],,,,,,,,,,,,,,
150,,,,,,,,,,,,,,
150,,,,,,,,,,,,,,
[Settings],,,,,,,,,,,,,,
,,,,,,,,,,,,,,
[Data],,,,,,,,,,,,,,
Sample_ID,Sample_Name,Sample_Plate,Sample_Well,I7_Index_ID,index,I5_Index_ID,index2,Sample_Project,Description,,,,,
BA_G17D_Stat3,,,A1,S762,TTACCGAC,S512,CGTATTCG,,fuchs@neb.com,,,,,
deltaA_Stat3,,,B1,S713,TCGTCTGA,S586,TCAAGGAC,,fuchs@neb.com,,,,,
A_G17D_Stat3,,,C1,S736,TTCCAGGT,S543,AAGCACTG,,fuchs@neb.com,,,,,
deltaBA_Stat3,,,D1,S709,TACGGTCT,S575,GCAATGGA,,fuchs@neb.com,,,,,
deltaAB_Stat3_March21,,,E1,S732,AAGACCGT,S550,CAATCGAC,,fuchs@neb.com,,,,,
WT_Stat3,,,F1,S774,CAGGTTCA,S506,GGCGTTAT,,fuchs@neb.com,,,,,
deltaAB_Stat3_March24,,,G1,S747,TAGGAGCT,S524,GTTAAGGC,,fuchs@neb.com,,,,,
B_G17D_Stat3,,,H1,S794,TACTCCAG,S590,CCTATACC,,fuchs@neb.com,,,,,
deltaB_Stat3,,,A2,S729,AGTGACCT,S591,CTCCTAGA,,fuchs@neb.com,,,,,
deltaBA_Stat1,,,B2,S777,AGCCTATC,S526,GTTACGCA,,fuchs@neb.com,,,,,
deltaB_Stat1,,,C2,S772,TCATCTCC,S567,CTAGCAAG,,fuchs@neb.com,,,,,
A_G17D_Stat1,,,D2,S725,CCAGTATC,S538,ATCTCGCT,,fuchs@neb.com,,,,,
WT_Stat1,,,E2,S755,TTGCGAGA,S566,GTGCCATA,,fuchs@neb.com,,,,,
deltaA_Stat1,,,F2,S760,GAACGAAG,S511,GGTGATTC,,fuchs@neb.com,,,,,
pT33_Stat1,,,G2,S716,CGAATTGC,S559,CACCTTAC,,fuchs@neb.com,,,,,
deltaA_Stat2,,,H2,S708,GGAAGAGA,S521,TTCTCTCG,,fuchs@neb.com,,,,,
deltaB_Stat2,,,A3,S702,TCGGATTC,S523,TAGTTGCG,,fuchs@neb.com,,,,,
A_G17D_Stat2,,,B3,S796,CTGTACCA,S507,AGTCTGTG,,fuchs@neb.com,,,,,
B_G17D_Stat2,,,C3,S757,GAGAGTAC,S545,TGCTTCCA,,fuchs@neb.com,,,,,
deltaBA_Stat2,,,D3,S783,TCTACGCA,S546,GGCTATTG,,fuchs@neb.com,,,,,
deltaAB_Stat2,,,E3,S722,GCAATTCC,S578,TGTTCGAG,,fuchs@neb.com,,,,,
WT_Stat2,,,F3,S710,CTCAGAAG,S581,AACTTGCC,,fuchs@neb.com,,,,,
BA_G17D_Stat2,,,G3,S770,GTCCTAAG,S540,TGGTAGCT,,fuchs@neb.com,,,,,
B_G17D_Stat1,,,H3,S734,GCGTTAGA,S592,GTATGCTG,,fuchs@neb.com,,,,,
deltaAB_Stat1,,,A4,S763,CAAGGTAC,S505,GAGATACG,,fuchs@neb.com,,,,,
BA_G17D_Stat1,,,B4,S797,AGACCTTG,S501,GCACGTAA,,fuchs@neb.com,,,,,
A_G17D_Exo3,,,C4,S735,GTCGTTAC,S554,GCTTAGCT,,fuchs@neb.com,,,,,
deltaB_Exo3,,,D4,S727,GTAACCGA,S598,GGTGTCTT,,fuchs@neb.com,,,,,
deltaA_Exo3,,,E4,S742,GAATCCGT,S551,TGGAGTTG,,fuchs@neb.com,,,,,
BA_G17D_Exo3,,,F4,S795,CATGAGCA,S517,GCAAGATC,,fuchs@neb.com,,,,,
deltaBA_Exo3,,,G4,S749,CTTAGGAC,S565,CAGTGAAG,,fuchs@neb.com,,,,,
deltaBA_Exo1,,,H4,S773,ATCTGACC,S593,AAGTCGAG,,fuchs@neb.com,,,,,
WT_Exo2,,,A5,S769,TCCTCATG,S519,AGGTGTAC,,fuchs@neb.com,,,,,
deltaA_Exo2,,,B5,S752,AGGATAGC,S544,AACCTTGG,,fuchs@neb.com,,,,,
WT_Exo1,,,C5,S704,GGAGGAAT,S585,AACCGTTC,,fuchs@neb.com,,,,,
B_G17D_Exo1,,,D5,S715,GACGTCAT,S518,TCAACTGG,,fuchs@neb.com,,,,,
A_G17D_Exo1,,,E5,S753,CCGCTTAA,S548,ACGATGAC,,fuchs@neb.com,,,,,
deltaB_Exo2,,,F5,S758,GACGAACT,S568,TCGCATTG,,fuchs@neb.com,,,,,
deltaAB_Exo3,,,G5,S784,TCCACGTT,S541,GTTCAACC,,fuchs@neb.com,,,,,
B_G17D_Exo2,,,H5,S714,AACCAGAG,S520,AACCGAAG,,fuchs@neb.com,,,,,
BA_G17D_Exo1,,,B6,S779,CCTTCCAT,S589,ATTGCGTG,,fuchs@neb.com,,,,,
deltaB_Exo1,,,C6,S788,AGGAACAC,S587,GACATTCC,,fuchs@neb.com,,,,,
pT33_Exo2,,,D6,S739,CTTACAGC,S503,CTTCACCA,,fuchs@neb.com,,,,,
BA_G17D_Exo2,,,E6,S737,TACCTGCA,S576,TGATGTCC,,fuchs@neb.com,,,,,
deltaAB_Exo1,,,F6,S728,AGACGCTA,S582,TGTACACC,,fuchs@neb.com,,,,,
E10P8_Stat,,,G6,S780,CAACACAG,S530,TGGCTATC,,fuchs@neb.com,,,,,
E10P8_Exo,,,H6,S761,GTACCACA,S533,TGTTGTGG,,fuchs@neb.com,,,,,
WT_Exo3,,,A7,S712,CGAATACG,S562,GTCGGTAA,,fuchs@neb.com,,,,,
deltaA_Exo1,,,B7,S786,GTCCTTGA,S513,TCAGACGA,,fuchs@neb.com,,,,,
A_G17D_Exo2,,,C7,S743,CAGTGCTT,S536,ACCTGGAA,,fuchs@neb.com,,,,,
deltaBA_Exo2,,,D7,S775,TCCATTGC,S509,AGACCGTA,,fuchs@neb.com,,,,,
deltaAB_Exo2,,,E7,S750,GTCGATTG,S532,ACGGTCTT,,fuchs@neb.com,,,,,
B_G17D_Exo3,,,A8,S791,TCTAGGAG,S529,AGGTCACT,,fuchs@neb.com,,,,,
