[Header],,,,,,,,,,,,
IEMFileVersion,4,,,,,,,,,,,
Investigator Name,BSS,,,,,,,,,,,
Experiment Name,BSS_Exp91,,,,,,,,,,,
Date,2/23/21,,,,,,,,,,,
Workflow,GenerateFASTQ,,,,,,,,,,,
Application,FASTQ Only,,,,,,,,,,,
Assay,TruSeq HT,,,,,,,,,,,
Description,BSS_Exp46,,,,,,,,,,,
Chemistry,Amplicon,,,,,,,,,,,
,,,,,,,,,,,,
[Reads],,,,,,,,,,,,
76,,,,,,,,,,,,
76,,,,,,,,,,,,
,,,,,,,,,,,,
[Settings],,,,,,,,,,,,
ReverseComplement,0,,,,,,,,,,,
,,,,,,,,,,,,
[Data],,,,,,,,,,,,
Sample_ID,Sample_Name,Sample_Plate,Sample_Well,I7_Index_ID,index,I5_Index_ID,index2,Sample_Project,Description,,,
5ng_NA12878_BufferNoKClBSAlargebatch_4ulsEM_30mins_30degrees_30mins65degrees-1,,,A6,S771,GTCAGTCA,S531,TAATGCCG,,bsexton@neb.com,,,
5ng_NA12878_BufferNoKClBSAlargebatch_4ulsEM_30mins_30degrees_30mins65degrees-2,,,B6,S779,CCTTCCAT,S589,ATTGCGTG,,bsexton@neb.com,,,
5ng_NA12878_BufferNoKClBSAlargebatch_0.125mgBSA_4ulsEM_30mins_30degrees_30mins65degrees-1,,,C6,S788,AGGAACAC,S587,GACATTCC,,bsexton@neb.com,,,
5ng_NA12878_BufferNoKClBSAlargebatch_0.125mgBSA_4ulsEM_30mins_30degrees_30mins65degrees-2,,,D6,S739,CTTACAGC,S503,CTTCACCA,,bsexton@neb.com,,,
5ng_NA12878_BufferNoKClBSAlargebatch_0.25mgBSA_4ulsEM_30mins_30degrees_30mins65degrees-1,,,E6,S737,TACCTGCA,S576,TGATGTCC,,bsexton@neb.com,,,
5ng_NA12878_BufferNoKClBSAlargebatch_0.25mgBSA_4ulsEM_30mins_30degrees_30mins65degrees-2,,,F6,S728,AGACGCTA,S582,TGTACACC,,bsexton@neb.com,,,
5ng_NA12878_BufferNoKClBSAlargebatch_0.5mgBSA_4ulsEM_30mins_30degrees_30mins65degrees-1,,,G6,S780,CAACACAG,S530,TGGCTATC,,bsexton@neb.com,,,
5ng_NA12878_BufferNoKClBSAlargebatch_0.5mgBSA_4ulsEM_30mins_30degrees_30mins65degrees-2,,,H6,S761,GTACCACA,S533,TGTTGTGG,,bsexton@neb.com,,,
5ng_NA12878_BufferNoKClBSAlargebatch_75mMKCl_4ulsEM_30mins_30degrees_30mins65degrees-1,,,A7,S712,CGAATACG,S562,GTCGGTAA,,bsexton@neb.com,,,
5ng_NA12878_BufferNoKClBSAlargebatch_75mMKCl_4ulsEM_30mins_30degrees_30mins65degrees-2,,,B7,S786,GTCCTTGA,S513,TCAGACGA,,bsexton@neb.com,,,
5ng_NA12878_BufferNoKClBSAlargebatch_150mMKCl_4ulsEM_30mins_30degrees_30mins65degrees-1,,,C7,S743,CAGTGCTT,S536,ACCTGGAA,,bsexton@neb.com,,,
5ng_NA12878_BufferNoKClBSAlargebatch_150mMKCl_4ulsEM_30mins_30degrees_30mins65degrees-2,,,D7,S775,TCCATTGC,S509,AGACCGTA,,bsexton@neb.com,,,
5ng_NA12878_BufferNoKClBSAlargebatch_300mMKCl_4ulsEM_30mins_30degrees_30mins65degrees-1,,,E7,S750,GTCGATTG,S532,ACGGTCTT,,bsexton@neb.com,,,
5ng_NA12878_BufferNoKClBSAlargebatch_300mMKCl_4ulsEM_30mins_30degrees_30mins65degrees-2,,,F7,S706,ATAACGCC,S574,TGAACCTG,,bsexton@neb.com,,,
5ng_NA12878_BufferNoKClBSAlargebatch_0.25mgBSA_150mMKCl_4ulsEM_30mins_30degrees_30mins65degrees-1,,,G7,S724,GCCTTAAC,S547,AGCTCCTA,,bsexton@neb.com,,,
5ng_NA12878_BufferNoKClBSAlargebatch_0.25mgBSA_150mMKCl_4ulsEM_30mins_30degrees_30mins65degrees-2,,,H7,S790,GGTATAGG,S594,CTGGAGTA,,bsexton@neb.com,,,
5ng_NA12878_Covaris-1,,,A8,S791,TCTAGGAG,S529,AGGTCACT,,bsexton@neb.com,,,
5ng_NA12878_Covaris-2,,,B8,S726,TGCGTAAC,S577,GATAGGCT,,bsexton@neb.com,,,
Library-219-01_Unrepaired_LiverC311153_rep1,,,A9,P7112,ATGGCTGT,P5110,TTGACAGG,,heider@neb.com,,,
Library-219-02_Unrepaired_LiverC311153_rep2,,,B9,P7128,AAGGCGTA,P5123,GCGGATGG,,heider@neb.com,,,
Library-219-03_Unrepaired_LiverC405217_rep1,,,C9,P7139,ACGAGGAG,P5160,AGTTTAGG,,heider@neb.com,,,
Library-219-04_Unrepaired_LiverC405217_rep2,,,D9,P7140,TAATCTCG,P5162,GTGTGACA,,heider@neb.com,,,
Library-219-05_Unrepaired_C602139_rep1,,,E9,P7144,TACGGCAG,P5165,TTCATATC,,heider@neb.com,,,
Library-219-06_Unrepaired_C602139_rep2,,,F9,P7145,TGCCCATC,P5166,CCACACTT,,heider@neb.com,,,
Library-219-07_Unrepaired_C602140_rep1,,,G9,P7147,CAGCAGTC,P5174,ACGCCAAC,,heider@neb.com,,,
Library-219-08_Unrepaired_C602140_rep2,,,H9,P7149,TACCGGCT,P5176,GCCAGCTA,,heider@neb.com,,,
Library-219-09_Repairv2_LiverC311153_rep1,,,A10,P7113,AGGTAGGA,P5106,GGCGAACA,,heider@neb.com,,,
Library-219-10_Repairv2_LiverC311153_rep2,,,B10,P7130,TCGCGCAA,P5121,TGCCTTGT,,heider@neb.com,,,
Library-219-11_Repairv2_LiverC405217_rep1,,,C10,P7150,CTCGAAAT,P5177,CTTACCTG,,heider@neb.com,,,
Library-219-12_Repairv2_LiverC405217_rep2,,,D10,P7151,CTCACAAC,P5181,GTCTCCTT,,heider@neb.com,,,
Library-219-13_Repairv2_C602139_rep1,,,E10,P7156,GTAACCAC,P5182,ACCTGACT,,heider@neb.com,,,
Library-219-14_Repairv2_C602139_rep2,,,F10,P7161,CATATCCA,P5184,CTTACGGT,,heider@neb.com,,,
Library-219-15_Repairv2_C602140_rep1,,,G10,P7163,CGCTAATC,P5185,ACGTCATA,,heider@neb.com,,,
Library-219-16_Repairv2_C602140_rep2,,,H10,P7164,CTTCCAAC,P5186,GTACCCAA,,heider@neb.com,,,
Library-219-17_Repairv2_25ng_C405217_Loop_12cyc_Q5_nobeads,,,A11,P7114,AAGGAAGG,P5105,ACTCCGGT,,heider@neb.com,,,
Library-219-18_Repairv2_25ng_C405217_Loop_12cyc_QStarDev_nobeads,,,B11,P7131,GCACACAA,P5118,TCGTCAAG,,heider@neb.com,,,
Library-219-19_Repairv2_25ng_C405217_Loop_12cyc_QStarProd_nobeads,,,C11,P7167,GTCAGTAT,P5187,AGGCTTCT,,heider@neb.com,,,
Library-219-20_Repairv2_25ng_C405217_Loop_12cyc_Kapa_nobeads,,,D11,P7168,ATTCGAGC,P5188,CAACCTAG,,heider@neb.com,,,
Library-219-21_Repairv2_25ng_C405217_Loop_12cyc_Q5_withbeads,,,E11,P7171,CACCTGTA,P5190,CTGACACA,,heider@neb.com,,,
Library-219-22_Repairv2_25ng_C405217_Loop_12cyc_QStarDev_withbeads,,,F11,P7172,CCGACTCT,P5191,CTGGTTCT,,heider@neb.com,,,
Library-219-23_Repairv2_25ng_C405217_Loop_12cyc_QStarProd_withbeads,,,G11,P7173,TTGCTGGA,P5192,TGTCCAAT,,heider@neb.com,,,
Library-219-24_Repairv2_25ng_C405217_Loop_12cyc_Kapa_withbeads,,,H11,P7175,CAGCTTCG,P5385,CAACGGGT,,heider@neb.com,,,
Library-219-25_Repairv2_25ng_C405217_UMI_12cyc_Q5_nobeads,,,A5,S769,TCCTCATG,S519,AGGTGTAC,,heider@neb.com,,,
Library-219-26_Repairv2_25ng_C405217_UMI_12cyc_QStarDev_nobeads,,,B5,S752,AGGATAGC,S544,AACCTTGG,,heider@neb.com,,,
Library-219-27_Repairv2_25ng_C405217_UMI_12cyc_QStarProd_nobeads,,,C5,S704,GGAGGAAT,S585,AACCGTTC,,heider@neb.com,,,
Library-219-28_Repairv2_25ng_C405217_UMI_12cyc_Kapa_nobeads,,,D5,S715,GACGTCAT,S518,TCAACTGG,,heider@neb.com,,,
Library-219-29_Repairv2_25ng_C405217_UMI_12cyc_Q5_withbeads,,,E5,S753,CCGCTTAA,S548,ACGATGAC,,heider@neb.com,,,
Library-219-30_Repairv2_25ng_C405217_UMI_12cyc_QStarDev_withbeads,,,F5,S758,GACGAACT,S568,TCGCATTG,,heider@neb.com,,,
Library-219-31_Repairv2_25ng_C405217_UMI_12cyc_QStarProd_withbeads,,,G5,S784,TCCACGTT,S541,GTTCAACC,,heider@neb.com,,,
Library-219-32_Repairv2_25ng_C405217_UMI_12cyc_Kapa_withbeads,,,H5,S714,AACCAGAG,S520,AACCGAAG,,heider@neb.com,,,