[Header],Yan210309,,,,,,,
IEMFileVersion,4,,,,,,,
Investigator Name,Bo Yan,,,,,,,
Experiment Name,,,,,,,,
Date,3/9/21,,,,,,,
Workflow,GenerateFASTQ,,,,,,,
Application,FASTQ Only,,,,,,,
Assay,,,,,,,,
Description,Nextseq paired end 2X75bp mid output,,,,,,,
Chemistry,Default,,,,,,,
,,,,,,,,
[Reads],,,,,,,,
75,,,,,,,,
75,,,,,,,,
,,,,,,,,
[Settings],,,,,,,,
Adapter,AGATCGGAAGAGC,,,,,,,
AdatperRead2,TCGGACTGTAGAACTCTGAACG,,,,,,,
,,,,,,,,
[Data],,,,,,,,
Sample_ID,Sample_Name,Sample_Plate,Sample_Well,I7_Index_ID,index,Description,,
Rich_enrich,Rich_enrich,,ss6,6,GCCAAT,yan@neb.com,,
Rich_control,Rich_control,,ss12,12,CTTGTA,yan@neb.com,,
A549_del,A549_del,,ss1,1,ATCACG,yan@neb.com,,
T5,T5,,ss8,8,ACTTGA,yan@neb.com,,
T6,T6,,ss9,9,GATCAG,yan@neb.com,,
T7,T7,,ss10,10,TAGCTT,yan@neb.com,,
T8,T8,,ss13,13,AGTCAA,yan@neb.com,,
