[Header],,,,,,,,,,,,,,,,,,,,,,,,,,,,,,,,,,,,,,,,,,,,
IEMFileVersion,4,,,,,,,,,,,,,,,,,,,,,,,,,,,,,,,,,,,,,,,,,,,
Investigator Name,bsexton,,,,,,,,,,,,,,,,,,,,,,,,,,,,,,,,,,,,,,,,,,,
Experiment Name,Exp158_BSS,,,,,,,,,,,,,,,,,,,,,,,,,,,,,,,,,,,,,,,,,,,
Date,9/28/21,,,,,,,,,,,,,,,,,,,,,,,,,,,,,,,,,,,,,,,,,,,
Workflow,GenerateFASTQ,,,,,,,,,,,,,,,,,,,,,,,,,,,,,,,,,,,,,,,,,,,
Library type,Illumina-DNA,,,,,,,,,,,,,,,,,,,,,,,,,,,,,,,,,,,,,,,,,,,
Application,,,,,,,,,,,,,,,,,,,,,,,,,,,,,,,,,,,,,,,,,,,,
Assay,,,,,,,,,,,,,,,,,,,,,,,,,,,,,,,,,,,,,,,,,,,,
Description,,,,,,,,,,,,,,,,,,,,,,,,,,,,,,,,,,,,,,,,,,,,
Chemistry,Amplicon,,,,,,,,,,,,,,,,,,,,,,,,,,,,,,,,,,,,,,,,,,,
,,,,,,,,,,,,,,,,,,,,,,,,,,,,,,,,,,,,,,,,,,,,
[Reads],,,,,,,,,,,,,,,,,,,,,,,,,,,,,,,,,,,,,,,,,,,,
76,,,,,,,,,,,,,,,,,,,,,,,,,,,,,,,,,,,,,,,,,,,,
76,,,,,,,,,,,,,,,,,,,,,,,,,,,,,,,,,,,,,,,,,,,,
,,,,,,,,,,,,,,,,,,,,,,,,,,,,,,,,,,,,,,,,,,,,
[Settings],,,,,,,,,,,,,,,,,,,,,,,,,,,,,,,,,,,,,,,,,,,,
Pool ID,1118,,,,,,,,,,,,,,,,,,,,,,,,,,,,,,,,,,,,,,,,,,,
Max mismatches,default,,,,,,,,,,,,,,,,,,,,,,,,,,,,,,,,,,,,,,,,,,,
Min mismatch delta,default,,,,,,,,,,,,,,,,,,,,,,,,,,,,,,,,,,,,,,,,,,,
Max no calls,default,,,,,,,,,,,,,,,,,,,,,,,,,,,,,,,,,,,,,,,,,,,
Read structure,default,,,,,,,,,,,,,,,,,,,,,,,,,,,,,,,,,,,,,,,,,,,
[Data],,,,,,,,,,,,,,,,,,,,,,,,,,,,,,,,,,,,,,,,,,,,
Sample_ID,Sample_Name,Sample_Plate,Sample_Well,I7_Index_ID,index,I5_Index_ID,index2,Sample_Project,Post-run,Downsample,Description,Avg_Library_Size,Min_Insert_Size,Max_Insert_Size,Read_Count,Fold_Coverage,Reference_Genome,Read_Length,Read_Arrangement,5p_Trim_Length,UMI,input_amount_ng,Library_Group_Name,Library_Prep_Method,Shearing_Method,Product_Number,Lot_Number,Pre_Denaturation_Buffer,PCR_Cycles,PCR_Annealing_Deg,PCR_Extension_Deg,PCR_Annealing_Sec,PCR_Extension_Sec,PCR_Yield_Ng,PCR_Conc_nM,PCR_Volume_uL,old_new_lot,sap_number,cdna_yield_ng,fluidex_tray,replicate_number,assay_plate,insert_set,notes
50ng_1xTE_FFPELiver_NewEM_ProdBufferB_15mins_37degrees_15mins65degrees_stdclean-1,human,,,P7126,CACTGTAG,P5134,AGTCGCTT,Exp158_BSS,hg38,Set-reads,bsexton@neb.com,500,,,2000000,,combine_link,76,Paired-end,,,,Exp158_BSS,,,,,,,,,,,,,,,,,,,,,
50ng_1xTE_FFPELiver_NewEM_ProdBufferB_15mins_37degrees_15mins65degrees_stdclean-2,human,,,P7148,GTGCACGA,P5136,GCCTATCA,Exp158_BSS,hg38,Set-reads,bsexton@neb.com,500,,,2000000,,combine_link,76,Paired-end,,,,Exp158_BSS,,,,,,,,,,,,,,,,,,,,,
50ng_1xTE_FFPELiver_NewEM_ProdBufferNoKCl_15mins_37degrees_15mins65degrees_stdclean-1,human,,,P7133,ATGTTCCT,P5107,GGCGCTGA,Exp158_BSS,hg38,Set-reads,bsexton@neb.com,500,,,2000000,,combine_link,76,Paired-end,,,,Exp158_BSS,,,,,,,,,,,,,,,,,,,,,
50ng_1xTE_FFPELiver_NewEM_ProdBufferNoKCl_15mins_37degrees_15mins65degrees_stdclean-2,human,,,P7141,CATTATGG,P5108,ATGTGACT,Exp158_BSS,hg38,Set-reads,bsexton@neb.com,500,,,2000000,,combine_link,76,Paired-end,,,,Exp158_BSS,,,,,,,,,,,,,,,,,,,,,
50ng_1xTE_FFPELiver_TS_EM_Buffer_15mins_37degrees_15mins65degrees_stdclean-1,human,,,P7142,TCTTGTTT,P5109,GTGAAAGG,Exp158_BSS,hg38,Set-reads,bsexton@neb.com,500,,,2000000,,combine_link,76,Paired-end,,,,Exp158_BSS,,,,,,,,,,,,,,,,,,,,,
50ng_1xTE_FFPELiver_TS_EM_Buffer_15mins_37degrees_15mins65degrees_stdclean-2,human,,,P7143,GGCTTACT,P5111,AGGGAAAG,Exp158_BSS,hg38,Set-reads,bsexton@neb.com,500,,,2000000,,combine_link,76,Paired-end,,,,Exp158_BSS,,,,,,,,,,,,,,,,,,,,,
5ng_1xTE_FFPELiver_NewEM_ProdBufferNoKCl_15mins_37degrees_15mins65degrees_stdclean-1,human,,,P7146,ACGATATG,P5117,GAATTGTC,Exp158_BSS,hg38,Set-reads,bsexton@neb.com,500,,,2000000,,combine_link,76,Paired-end,,,,Exp158_BSS,,,,,,,,,,,,,,,,,,,,,
5ng_1xTE_FFPELiver_NewEM_ProdBufferNoKCl_15mins_37degrees_15mins65degrees_stdclean-2,human,,,P7152,ATCCGCAG,P5119,AGTCGTGT,Exp158_BSS,hg38,Set-reads,bsexton@neb.com,500,,,2000000,,combine_link,76,Paired-end,,,,Exp158_BSS,,,,,,,,,,,,,,,,,,,,,
5ng_1xTE_FFPELiver_TS_EM_Buffer_15mins_37degrees_15mins65degrees_stdclean-1,human,,,P7134,AAGCGACT,P5135,GGATTCGT,Exp158_BSS,hg38,Set-reads,bsexton@neb.com,500,,,2000000,,combine_link,76,Paired-end,,,,Exp158_BSS,,,,,,,,,,,,,,,,,,,,,
5ng_1xTE_FFPELiver_TS_EM_Buffer_15mins_37degrees_15mins65degrees_stdclean-2,human,,,P7136,TGATAGGC,P5170,ACTCAGAC,Exp158_BSS,hg38,Set-reads,bsexton@neb.com,500,,,2000000,,combine_link,76,Paired-end,,,,Exp158_BSS,,,,,,,,,,,,,,,,,,,,,
200ng_1xTE_NA12878_NewEM_ProdBufferB_25mins_37degrees_15mins65degrees_0.8xPCR0.8x-1,human,,,P7153,AACACCAC,P5122,CTCACACC,Exp158_BSS,hg38,Set-reads,bsexton@neb.com,500,,,2000000,,combine_link,76,Paired-end,,,,Exp158_BSS,,,,,,,,,,,,,,,,,,,,,
200ng_1xTE_NA12878_NewEM_ProdBufferB_25mins_37degrees_15mins65degrees_0.8xPCR0.8x-2,human,,,P7154,ACCTCTTC,P5124,TATGCAAG,Exp158_BSS,hg38,Set-reads,bsexton@neb.com,500,,,2000000,,combine_link,76,Paired-end,,,,Exp158_BSS,,,,,,,,,,,,,,,,,,,,,
200ng_1xTE_NA12878_NewEM_ProdBufferNoKCl_15mins_37degrees_15mins65degrees_stdclean-1,human,,,P7155,GTCCGATC,P5125,GGATTGGC,Exp158_BSS,hg38,Set-reads,bsexton@neb.com,500,,,2000000,,combine_link,76,Paired-end,,,,Exp158_BSS,,,,,,,,,,,,,,,,,,,,,
200ng_1xTE_NA12878_NewEM_ProdBufferNoKCl_15mins_37degrees_15mins65degrees_stdclean-2,human,,,P7157,GAGGACCA,P5129,ACCGGCAT,Exp158_BSS,hg38,Set-reads,bsexton@neb.com,500,,,2000000,,combine_link,76,Paired-end,,,,Exp158_BSS,,,,,,,,,,,,,,,,,,,,,
200ng_1xTE_NA12878_TS_EM_Buffer_15mins_37degrees_15mins65degrees_stdclean-1,human,,,P7158,CGCTCTTA,P5137,ACGGTATG,Exp158_BSS,hg38,Set-reads,bsexton@neb.com,500,,,2000000,,combine_link,76,Paired-end,,,,Exp158_BSS,,,,,,,,,,,,,,,,,,,,,
200ng_1xTE_NA12878_TS_EM_Buffer_15mins_37degrees_15mins65degrees_stdclean-2,human,,,P7159,CTGAGCTC,P5138,GCTCTGAT,Exp158_BSS,hg38,Set-reads,bsexton@neb.com,500,,,2000000,,combine_link,76,Paired-end,,,,Exp158_BSS,,,,,,,,,,,,,,,,,,,,,
5ng_1xTE_NA12878_NewEM_ProdBufferB_25mins_37degrees_15mins65degrees_0.8xPCR0.8x-1,human,,,P7135,ACGAATCC,P5127,TGGGTAAT,Exp158_BSS,hg38,Set-reads,bsexton@neb.com,500,,,2000000,,combine_link,76,Paired-end,,,,Exp158_BSS,,,,,,,,,,,,,,,,,,,,,
5ng_1xTE_NA12878_NewEM_ProdBufferB_25mins_37degrees_15mins65degrees_0.8xPCR0.8x-2,human,,,P7170,GTCTGAGT,P5169,CACAAGTC,Exp158_BSS,hg38,Set-reads,bsexton@neb.com,500,,,2000000,,combine_link,76,Paired-end,,,,Exp158_BSS,,,,,,,,,,,,,,,,,,,,,
5ng_1xTE_NA12878_NewEM_ProdBufferNoKCl_15mins_37degrees_15mins65degrees_stdclean-1,human,,,P7160,CCTAAACT,P5139,CTCCTCGT,Exp158_BSS,hg38,Set-reads,bsexton@neb.com,500,,,2000000,,combine_link,76,Paired-end,,,,Exp158_BSS,,,,,,,,,,,,,,,,,,,,,
5ng_1xTE_NA12878_NewEM_ProdBufferNoKCl_15mins_37degrees_15mins65degrees_stdclean-2,human,,,P7162,TGTCACAC,P5140,CGAGATTA,Exp158_BSS,hg38,Set-reads,bsexton@neb.com,500,,,2000000,,combine_link,76,Paired-end,,,,Exp158_BSS,,,,,,,,,,,,,,,,,,,,,
5ng_1xTE_NA12878_TS_EM_Buffer_15mins_37degrees_15mins65degrees_stdclean-1,human,,,P7165,GATATGAA,P5144,CTGCCGTA,Exp158_BSS,hg38,Set-reads,bsexton@neb.com,500,,,2000000,,combine_link,76,Paired-end,,,,Exp158_BSS,,,,,,,,,,,,,,,,,,,,,
5ng_1xTE_NA12878_TS_EM_Buffer_15mins_37degrees_15mins65degrees_stdclean-2,human,,,P7166,AAGTGTGG,P5145,GATGGGCA,Exp158_BSS,hg38,Set-reads,bsexton@neb.com,500,,,2000000,,combine_link,76,Paired-end,,,,Exp158_BSS,,,,,,,,,,,,,,,,,,,,,
50ng_h2o_FFPELiver_Fragmentase_5mins_37degrees_stdclean-1,human,,,P7174,GTTGGCGT,P5147,GACTGCTG,Exp158_BSS,hg38,Set-reads,bsexton@neb.com,500,,,2000000,,combine_link,76,Paired-end,,,,Exp158_BSS,,,,,,,,,,,,,,,,,,,,,
50ng_h2o_FFPELiver_Fragmentase_5mins_37degrees_stdclean-2,human,,,P7176,TAGCTGGC,P5149,AGCCGGTA,Exp158_BSS,hg38,Set-reads,bsexton@neb.com,500,,,2000000,,combine_link,76,Paired-end,,,,Exp158_BSS,,,,,,,,,,,,,,,,,,,,,
50ng_h2o_FFPELiver_Fragmentase_10mins_37degrees_stdclean-1,human,,,P7127,ATTACCCA,P5126,CTACAGTG,Exp158_BSS,hg38,Set-reads,bsexton@neb.com,500,,,2000000,,combine_link,76,Paired-end,,,,Exp158_BSS,,,,,,,,,,,,,,,,,,,,,
50ng_h2o_FFPELiver_Fragmentase_10mins_37degrees_stdclean-2,human,,,P7169,GACTTGTG,P5148,TCGTGCAC,Exp158_BSS,hg38,Set-reads,bsexton@neb.com,500,,,2000000,,combine_link,76,Paired-end,,,,Exp158_BSS,,,,,,,,,,,,,,,,,,,,,
50ng_1xTE_FFPELiver_StdFS_5mins_37degrees_30mins65degrees_stdclean-1,human,,,P7177,CAGGTAAG,P5150,ATTTCGAG,Exp158_BSS,hg38,Set-reads,bsexton@neb.com,500,,,2000000,,combine_link,76,Paired-end,,,,Exp158_BSS,,,,,,,,,,,,,,,,,,,,,
50ng_1xTE_FFPELiver_StdFS_5mins_37degrees_30mins65degrees_stdclean-2,human,,,P7181,AAGGAGAC,P5151,GTTGTGAG,Exp158_BSS,hg38,Set-reads,bsexton@neb.com,500,,,2000000,,combine_link,76,Paired-end,,,,Exp158_BSS,,,,,,,,,,,,,,,,,,,,,
50ng_1xTE_FFPELiver_StdFS_10mins_37degrees_30mins65degrees_stdclean-1,human,,,P7182,AGTCAGGT,P5156,GTGGTTAC,Exp158_BSS,hg38,Set-reads,bsexton@neb.com,500,,,2000000,,combine_link,76,Paired-end,,,,Exp158_BSS,,,,,,,,,,,,,,,,,,,,,
50ng_1xTE_FFPELiver_StdFS_10mins_37degrees_30mins65degrees_stdclean-2,human,,,P7184,ACCGTAAG,P5161,TGGATATG,Exp158_BSS,hg38,Set-reads,bsexton@neb.com,500,,,2000000,,combine_link,76,Paired-end,,,,Exp158_BSS,,,,,,,,,,,,,,,,,,,,,
50ng_10mMTrispH8_FFPELiver_Kapa_5mins_37degrees_stdclean-1,human,,,P7185,TATGACGT,P5163,GATTAGCG,Exp158_BSS,hg38,Set-reads,bsexton@neb.com,500,,,2000000,,combine_link,76,Paired-end,,,,Exp158_BSS,,,,,,,,,,,,,,,,,,,,,
50ng_10mMTrispH8_FFPELiver_Kapa_5mins_37degrees_stdclean-2,human,,,P7186,TTGGGTAC,P5164,GTTGGAAG,Exp158_BSS,hg38,Set-reads,bsexton@neb.com,500,,,2000000,,combine_link,76,Paired-end,,,,Exp158_BSS,,,,,,,,,,,,,,,,,,,,,
50ng_10mMTrispH8_FFPELiver_Kapa_10mins_37degrees_stdclean-1,human,,,P7101,TTCAATAG,P5115,TCGTGGGA,Exp158_BSS,hg38,Set-reads,bsexton@neb.com,500,,,2000000,,combine_link,76,Paired-end,,,,Exp158_BSS,,,,,,,,,,,,,,,,,,,,,
50ng_10mMTrispH8_FFPELiver_Kapa_10mins_37degrees_stdclean-2,human,,,P7116,GTTTGCTC,P5132,CTGTTGGT,Exp158_BSS,hg38,Set-reads,bsexton@neb.com,500,,,2000000,,combine_link,76,Paired-end,,,,Exp158_BSS,,,,,,,,,,,,,,,,,,,,,
50ng_10mMTrispH8_FFPELiver_Kapa_15mins_37degrees_stdclean-1,human,,,P7187,AGAAGCCT,P5167,ATACTGAC,Exp158_BSS,hg38,Set-reads,bsexton@neb.com,500,,,2000000,,combine_link,76,Paired-end,,,,Exp158_BSS,,,,,,,,,,,,,,,,,,,,,
50ng_10mMTrispH8_FFPELiver_Kapa_15mins_37degrees_stdclean-2,human,,,P7188,CTAGGTTG,P5168,GCTCGAAT,Exp158_BSS,hg38,Set-reads,bsexton@neb.com,500,,,2000000,,combine_link,76,Paired-end,,,,Exp158_BSS,,,,,,,,,,,,,,,,,,,,,
50ng_0.1xTE_FFPELiver_Covaris350_stdclean-1,human,,,P7190,TGTGTCAG,P5171,TACAGGTG,Exp158_BSS,hg38,Set-reads,bsexton@neb.com,500,,,2000000,,combine_link,76,Paired-end,,,,Exp158_BSS,,,,,,,,,,,,,,,,,,,,,
50ng_0.1xTE_FFPELiver_Covaris350_stdclean-2,human,,,P7191,AGAACCAG,P5172,AGAGTCGG,Exp158_BSS,hg38,Set-reads,bsexton@neb.com,500,,,2000000,,combine_link,76,Paired-end,,,,Exp158_BSS,,,,,,,,,,,,,,,,,,,,,
5ng_0.1xTE_FFPELiver_Covaris350_stdclean-1,human,,,P7192,ATTGGACA,P5173,TCCAGCAA,Exp158_BSS,hg38,Set-reads,bsexton@neb.com,500,,,2000000,,combine_link,76,Paired-end,,,,Exp158_BSS,,,,,,,,,,,,,,,,,,,,,
5ng_0.1xTE_FFPELiver_Covaris350_stdclean-2,human,,,P7385,ACCCGTTG,P5175,CGAAGCTG,Exp158_BSS,hg38,Set-reads,bsexton@neb.com,500,,,2000000,,combine_link,76,Paired-end,,,,Exp158_BSS,,,,,,,,,,,,,,,,,,,,,
200ng_0.1xTE_NA12878_Covaris350_stdclean-1,human,,,P7105,ACCGGAGT,P5114,CCTTCCTT,Exp158_BSS,hg38,Set-reads,bsexton@neb.com,500,,,2000000,,combine_link,76,Paired-end,,,,Exp158_BSS,,,,,,,,,,,,,,,,,,,,,
200ng_0.1xTE_NA12878_Covaris350_stdclean-2,human,,,P7118,CTTGACGA,P5131,TTGTGTGC,Exp158_BSS,hg38,Set-reads,bsexton@neb.com,500,,,2000000,,combine_link,76,Paired-end,,,,Exp158_BSS,,,,,,,,,,,,,,,,,,,,,
5ng_0.1xTE_NA12878_Covaris350_stdclean-1,human,,,P7998,GCCACGAC,P5178,ACCCGAGG,Exp158_BSS,hg38,Set-reads,bsexton@neb.com,500,,,2000000,,combine_link,76,Paired-end,,,,Exp158_BSS,,,,,,,,,,,,,,,,,,,,,
5ng_0.1xTE_NA12878_Covaris350_stdclean-2,human,,,P7099,TCTGGAAC,P5179,AGGTGCTA,Exp158_BSS,hg38,Set-reads,bsexton@neb.com,500,,,2000000,,combine_link,76,Paired-end,,,,Exp158_BSS,,,,,,,,,,,,,,,,,,,,,