[Header],,,,,,
IEMFileVersion,4,,,,,
Investigator Name,YB_MH,,,,,
Experiment Name,,,,,,
Date,2/11/21,,,,,
Workflow,GenerateFASTQ,,,,,
Application,FASTQ Only,,,,,
Assay,TruSeq LT,,,,,
Description,Phi29,,,,,
Chemistry,Default,,,,,
,,,,,,
[Reads],,,,,,
76,,,,,,
76,,,,,,
,,,,,,
[Settings],,,,,,
,,,,,,
[Data],,,,,,
Sample_ID,Sample_Name,Sample_Plate,Sample_Well,I7_Index_ID,index,Description
100ng_rep1,,,,S62,TTACCGAC,beiy@neb.com
MM_L1_Rep2_Production_Rep1,,,,S13,TCGTCTGA,beiy@neb.com
MM_L1_Rep2_Production_Rep2,,,,S36,TTCCAGGT,beiy@neb.com
MM_L1_Rep2_Production_Rep3,,,,S09,TACGGTCT,beiy@neb.com
MM_L2_Rep1_Production_Rep1,,,,S32,AAGACCGT,beiy@neb.com
MM_L2_Rep1_Production_Rep2,,,,S74,CAGGTTCA,beiy@neb.com
MM_L2_Rep1_Production_Rep3,,,,S47,TAGGAGCT,beiy@neb.com
MM_L2_Rep1_Production_Rep4,,,,S94,TACTCCAG,beiy@neb.com
100ng_rep2,,,,S29,AGTGACCT,beiy@neb.com
HM_L2_Rep2_Production_Rep1,,,,S77,AGCCTATC,beiy@neb.com
HM_L2_Rep2_Production_Rep2,,,,S72,TCATCTCC,beiy@neb.com
HM_L2_Rep2_Production_Rep3,,,,S25,CCAGTATC,beiy@neb.com
HM_L3_Rep1_Production_Rep1,,,,S55,TTGCGAGA,beiy@neb.com
HM_L3_Rep1_Production_Rep2,,,,S60,GAACGAAG,beiy@neb.com
HM_L3_Rep1_Production_Rep3,,,,S16,CGAATTGC,beiy@neb.com
HM_L3_Rep1_Production_Rep4,,,,S08,GGAAGAGA,beiy@neb.com
HM_L4_Rep1_Production_Rep1,,,,S02,TCGGATTC,beiy@neb.com
HM_L4_Rep1_Production_Rep2,,,,S96,CTGTACCA,beiy@neb.com
HM_L4_Rep1_Production_Rep3,,,,S57,GAGAGTAC,beiy@neb.com
HM_L4_Rep1_Production_Rep4,,,,S83,TCTACGCA,beiy@neb.com
HM_L4_Rep1_KM_Rep1,,,,S22,GCAATTCC,beiy@neb.com
HM_L4_Rep1_KM_Rep2,,,,S10,CTCAGAAG,beiy@neb.com
HM_L4_Rep1_KM_Rep3,,,,S70,GTCCTAAG,beiy@neb.com
HM_L4_Rep1_KM_Rep4,,,,S34,GCGTTAGA,beiy@neb.com
10pg_Rep1,,,,S63,CAAGGTAC,beiy@neb.com
MM_L1_Rep2_KM_Rep1,,,,S56,AGACCTTG,beiy@neb.com
MM_L1_Rep2_KM_Rep2,,,,S35,GTCGTTAC,beiy@neb.com
MM_L1_Rep2_KM_Rep3,,,,S27,GTAACCGA,beiy@neb.com
MM_L2_Rep1_KM_Rep1,,,,S42,GAATCCGT,beiy@neb.com
MM_L2_Rep1_KM_Rep2,,,,S95,CATGAGCA,beiy@neb.com
MM_L2_Rep1_KM_Rep3,,,,S49,CTTAGGAC,beiy@neb.com
MM_L2_Rep1_KM_Rep4,,,,S73,ATCTGACC,beiy@neb.com
10pg_rep2,,,,S69,TCCTCATG,beiy@neb.com
HM_L2_Rep2_KM_Rep1,,,,S52,AGGATAGC,beiy@neb.com
HM_L2_Rep2_KM_Rep2,,,,S04,GGAGGAAT,beiy@neb.com
HM_L2_Rep2_KM_Rep3,,,,S15,GACGTCAT,beiy@neb.com
HM_L3_Rep1_KM_Rep1,,,,S53,CCGCTTAA,beiy@neb.com
HM_L3_Rep1_KM_Rep2,,,,S58,GACGAACT,beiy@neb.com
HM_L3_Rep1_KM_Rep3,,,,S84,TCCACGTT,beiy@neb.com
HM_L3_Rep1_KM_Rep4,,,,S14,AACCAGAG,beiy@neb.com
Library-218-01_FFPE_5ng_V2-1_6mo_rep1,,,A6,P7105,ACCGGAGT,heider@neb.com
Library-218-02_FFPE_5ng_V2-1_6mo_rep2,,,B6,P7118,CTTGACGA,heider@neb.com
Library-218-03_FFPE_5ng_V2-1_1yr2mo_rep1,,,C6,P7998,GCCACGAC,heider@neb.com
Library-218-04_FFPE_5ng_V2-1_1yr2mo_rep2,,,D6,P7099,TCTGGAAC,heider@neb.com
Library-218-05_FFPE_5ng_V2-1_1.5yr_rep1,,,E6,P7100,CACTAGAC,heider@neb.com
Library-218-06_FFPE_5ng_V2-1_1.5yr_rep2,,,F6,P7102,TTGCGTTA,heider@neb.com
Library-218-07_FFPE_5ng_V2-2_6mo_rep1,,,G6,P7103,CCTATGCA,heider@neb.com
Library-218-08_FFPE_5ng_V2-2_6mo_rep2,,,H6,P7104,CAACCGAG,heider@neb.com
Library-218-09_FFPE_5ng_V2-2_1yr2mo_rep1,,,A7,P7106,TGTTCGCC,heider@neb.com
Library-218-10_FFPE_5ng_V2-2_1yr2mo_rep2,,,B7,P7121,ACAAGGCA,heider@neb.com
Library-218-11_FFPE_5ng_V2-2_1.5year_rep1,,,C7,P7107,TCAGCGCC,heider@neb.com
Library-218-12_FFPE_5ng_V2-2_1.5year_rep2,,,D7,P7108,AGTCACAT,heider@neb.com
Library-218-13_FFPE_5ng_unrepaired_rep1,,,E7,P7109,CCTTTCAC,heider@neb.com
Library-218-14_FFPE_5ng_unrepaired_rep2,,,F7,P7111,CTTTCCCT,heider@neb.com
Library-218-15_FFPE_50ng_V2-1_6mo_rep1,,,G7,P7117,GACAATTC,heider@neb.com
Library-218-16_FFPE_50ng_V2-1_6mo_rep2,,,H7,P7119,ACACGACT,heider@neb.com
Library-218-17_FFPE_50ng_V2-1_1yr2mo_rep1,,,A8,P7110,CCTGTCAA,heider@neb.com
Library-218-18_FFPE_50ng_V2-1_1yr2mo_rep2,,,B8,P7123,CCATCCGC,heider@neb.com
Library-218-19_FFPE_50ng_V2-1_1.5yr_rep1,,,C8,P7122,GGTGTGAG,heider@neb.com
Library-218-20_FFPE_50ng_V2-1_1.5yr_rep2,,,D8,P7124,CTTGCATA,heider@neb.com
Library-218-21_FFPE_50ng_V2-2_6mo_rep1,,,E8,P7125,GCCAATCC,heider@neb.com
Library-218-22_FFPE_50ng_V2-2_6mo_rep2,,,F8,P7129,ATGCCGGT,heider@neb.com
Library-218-23_FFPE_50ng_V2-2_1yr2mo_rep1,,,G8,P7137,CATACCGT,heider@neb.com
Library-218-24_FFPE_50ng_V2-2_1yr2mo_rep2,,,H8,P7138,ATCAGAGC,heider@neb.com
Library-218-25_FFPE_50ng_V2-2_1.5year_rep1,,,A9,P7112,ATGGCTGT,heider@neb.com
Library-218-26_FFPE_50ng_V2-2_1.5year_rep2,,,B9,P7128,AAGGCGTA,heider@neb.com
Library-218-27_FFPE_50ng_unrepaired_rep1,,,C9,P7139,ACGAGGAG,heider@neb.com
Library-218-28_FFPE_50ng_unrepaired_rep2,,,D9,P7140,TAATCTCG,heider@neb.com
Library-218-29_H2Oshear_100ng_V2-1_6mo_rep1,,,E9,P7144,TACGGCAG,heider@neb.com
Library-218-30_H2Oshear_100ng_V2-1_6mo_rep2,,,F9,P7145,TGCCCATC,heider@neb.com
Library-218-31_H2Oshear_100ng_V2-1_1yr2mo_rep1,,,G9,P7147,CAGCAGTC,heider@neb.com
Library-218-32_H2Oshear_100ng_V2-1_1yr2mo_rep2,,,H9,P7149,TACCGGCT,heider@neb.com
Library-218-33_H2Oshear_100ng_V2-1_1.5yr_rep1,,,A10,P7113,AGGTAGGA,heider@neb.com
Library-218-34_H2Oshear_100ng_V2-1_1.5yr_rep2,,,B10,P7130,TCGCGCAA,heider@neb.com
Library-218-35_H2Oshear_100ng_V2-2_6mo_rep1,,,C10,P7150,CTCGAAAT,heider@neb.com
Library-218-36_H2Oshear_100ng_V2-2_6mo_rep2,,,D10,P7151,CTCACAAC,heider@neb.com
Library-218-37_H2Oshear_100ng_V2-2_1yr2mo_rep1,,,E10,P7156,GTAACCAC,heider@neb.com
Library-218-38_H2Oshear_100ng_V2-2_1yr2mo_rep2,,,F10,P7161,CATATCCA,heider@neb.com
Library-218-39_H2Oshear_100ng_V2-2_1.5year_rep1,,,G10,P7163,CGCTAATC,heider@neb.com
Library-218-40_H2Oshear_100ng_V2-2_1.5year_rep2,,,H10,P7164,CTTCCAAC,heider@neb.com
Library-218-41_H20shear_100ng_unrepaired_rep1,,,A11,P7114,AAGGAAGG,heider@neb.com
Library-218-42_H20shear_100ng_unrepaired_rep2,,,B11,P7131,GCACACAA,heider@neb.com
Library-218-43_TEshear_100ng_unrepaired_rep1,,,C11,P7167,GTCAGTAT,heider@neb.com
Library-218-44_TEshear_100ng_unrepaired_rep2,,,D11,P7168,ATTCGAGC,heider@neb.com