[Header],,,,,,,,,,,,,,,,,,,,,,,,,,,,,,,,,,,,,,,
IEMFileVersion,4,,,,,,,,,,,,,,,,,,,,,,,,,,,,,,,,,,,,,,
Investigator Name,bsexton,,,,,,,,,,,,,,,,,,,,,,,,,,,,,,,,,,,,,,
Experiment Name,Exp111_050321_BSS,,,,,,,,,,,,,,,,,,,,,,,,,,,,,,,,,,,,,,
Date,5/3/21,,,,,,,,,,,,,,,,,,,,,,,,,,,,,,,,,,,,,,
Workflow,GenerateFASTQ,,,,,,,,,,,,,,,,,,,,,,,,,,,,,,,,,,,,,,
Library type,Illumina-DNA,,,,,,,,,,,,,,,,,,,,,,,,,,,,,,,,,,,,,,
Application,,,,,,,,,,,,,,,,,,,,,,,,,,,,,,,,,,,,,,,
Assay,,,,,,,,,,,,,,,,,,,,,,,,,,,,,,,,,,,,,,,
Description,,,,,,,,,,,,,,,,,,,,,,,,,,,,,,,,,,,,,,,
Chemistry,Amplicon,,,,,,,,,,,,,,,,,,,,,,,,,,,,,,,,,,,,,,
,,,,,,,,,,,,,,,,,,,,,,,,,,,,,,,,,,,,,,,
[Reads],,,,,,,,,,,,,,,,,,,,,,,,,,,,,,,,,,,,,,,
76,,,,,,,,,,,,,,,,,,,,,,,,,,,,,,,,,,,,,,,
76,,,,,,,,,,,,,,,,,,,,,,,,,,,,,,,,,,,,,,,
,,,,,,,,,,,,,,,,,,,,,,,,,,,,,,,,,,,,,,,
[Settings],,,,,,,,,,,,,,,,,,,,,,,,,,,,,,,,,,,,,,,
Pool ID,638,,,,,,,,,,,,,,,,,,,,,,,,,,,,,,,,,,,,,,
Max mismatches,default,,,,,,,,,,,,,,,,,,,,,,,,,,,,,,,,,,,,,,
Min mismatch delta,default,,,,,,,,,,,,,,,,,,,,,,,,,,,,,,,,,,,,,,
Max no calls,default,,,,,,,,,,,,,,,,,,,,,,,,,,,,,,,,,,,,,,
,,,,,,,,,,,,,,,,,,,,,,,,,,,,,,,,,,,,,,,
[Data],,,,,,,,,,,,,,,,,,,,,,,,,,,,,,,,,,,,,,,
Sample_ID,Sample_Name,Sample_Plate,Sample_Well,I7_Index_ID,index,I5_Index_ID,index2,Sample_Project,Post-run,Downsample,Description,Avg_Insert_Size,Min_Insert_Size,Max_Insert_Size,Read_Count,Fold_Coverage,Reference_Genome,Read_Length,Read_Arrangement,5p_Trim_Length,UMI,input_amount_ng,Library_Group_Name,Library_Prep_Method,Shearing_Method,Product_Number,Lot_Number,Pre_Denaturation_Buffer,PCR_Cycles,PCR_Annealing_Deg,PCR_Extension_Deg,PCR_Annealing_Sec,PCR_Extension_Sec,PCR_Yield_Ng,PCR_Conc_nM,PCR_Volume_uL,old_new_lot,sap_number,cdna_yield_ng
200ng_EM-seq_BufferNoKClBSAlargebatch_150mMKCl_15mins_37degrees_15mins65degrees_0.8xPCR0.8x-1,NA12878DNA,,A7,S712,CGAATACG,,,Exp111_050321_BSS,emseq-run,Set-reads,bsexton@neb.com,500,,,2000000,,grch38_core+bs_controls,76,Paired-end,,,,Exp111_050321_BSS,,,,,,,,,,,,,,,,
200ng_EM-seq_BufferNoKClBSAlargebatch_150mMKCl_15mins_37degrees_15mins65degrees_0.8xPCR0.8x-2,NA12878DNA,,B7,S786,GTCCTTGA,,,Exp111_050321_BSS,emseq-run,Set-reads,bsexton@neb.com,500,,,2000000,,grch38_core+bs_controls,76,Paired-end,,,,Exp111_050321_BSS,,,,,,,,,,,,,,,,
200ng_EM-seq_BufferNoKClBSAlargebatch_150mMKCl_20mins_37degrees_15mins65degrees_0.8xPCR0.8x-1,NA12878DNA,,C7,S743,CAGTGCTT,,,Exp111_050321_BSS,emseq-run,Set-reads,bsexton@neb.com,500,,,2000000,,grch38_core+bs_controls,76,Paired-end,,,,Exp111_050321_BSS,,,,,,,,,,,,,,,,
200ng_EM-seq_BufferNoKClBSAlargebatch_150mMKCl_20mins_37degrees_15mins65degrees_0.8xPCR0.8x-2,NA12878DNA,,D7,S775,TCCATTGC,,,Exp111_050321_BSS,emseq-run,Set-reads,bsexton@neb.com,500,,,2000000,,grch38_core+bs_controls,76,Paired-end,,,,Exp111_050321_BSS,,,,,,,,,,,,,,,,
50ng_EM-seq_BufferNoKClBSAlargebatch_150mMKCl_20mins_37degrees_15mins65degrees_0.8xPCR0.8x-1,NA12878DNA,,E7,S750,GTCGATTG,,,Exp111_050321_BSS,emseq-run,Set-reads,bsexton@neb.com,500,,,2000000,,grch38_core+bs_controls,76,Paired-end,,,,Exp111_050321_BSS,,,,,,,,,,,,,,,,
50ng_EM-seq_BufferNoKClBSAlargebatch_150mMKCl_20mins_37degrees_15mins65degrees_0.8xPCR0.8x-2,NA12878DNA,,F7,S706,ATAACGCC,,,Exp111_050321_BSS,emseq-run,Set-reads,bsexton@neb.com,500,,,2000000,,grch38_core+bs_controls,76,Paired-end,,,,Exp111_050321_BSS,,,,,,,,,,,,,,,,
10ng_EM-seq_BufferNoKClBSAlargebatch_150mMKCl_20mins_37degrees_15mins65degrees_0.8xPCR0.8x-1,NA12878DNA,,G7,S724,GCCTTAAC,,,Exp111_050321_BSS,emseq-run,Set-reads,bsexton@neb.com,500,,,2000000,,grch38_core+bs_controls,76,Paired-end,,,,Exp111_050321_BSS,,,,,,,,,,,,,,,,
10ng_EM-seq_BufferNoKClBSAlargebatch_150mMKCl_20mins_37degrees_15mins65degrees_0.8xPCR0.8x-2,NA12878DNA,,H7,S790,GGTATAGG,,,Exp111_050321_BSS,emseq-run,Set-reads,bsexton@neb.com,500,,,2000000,,grch38_core+bs_controls,76,Paired-end,,,,Exp111_050321_BSS,,,,,,,,,,,,,,,,
1ng_EM-seq_BufferNoKClBSAlargebatch_150mMKCl_4ulsEM_30mins_37degrees_15mins65degrees_0.8xPCR-1,NA12878DNA,,A8,S791,TCTAGGAG,,,Exp111_050321_BSS,emseq-run,Set-reads,bsexton@neb.com,500,,,2000000,,grch38_core+bs_controls,76,Paired-end,,,,Exp111_050321_BSS,,,,,,,,,,,,,,,,
1ng_EM-seq_BufferNoKClBSAlargebatch_150mMKCl_4ulsEM_30mins_37degrees_15mins65degrees_0.8xPCR-2,NA12878DNA,,B8,S726,TGCGTAAC,,,Exp111_050321_BSS,emseq-run,Set-reads,bsexton@neb.com,500,,,2000000,,grch38_core+bs_controls,76,Paired-end,,,,Exp111_050321_BSS,,,,,,,,,,,,,,,,
0.5ng_EM-seq_BufferNoKClBSAlargebatch_150mMKCl_4ulsEM_30mins_37degrees_15mins65degrees_0.8xPCR-1,NA12878DNA,,C8,S767,CTTGCTAG,,,Exp111_050321_BSS,emseq-run,Set-reads,bsexton@neb.com,500,,,2000000,,grch38_core+bs_controls,76,Paired-end,,,,Exp111_050321_BSS,,,,,,,,,,,,,,,,
0.5ng_EM-seq_BufferNoKClBSAlargebatch_150mMKCl_4ulsEM_30mins_37degrees_15mins65degrees_0.8xPCR-2,NA12878DNA,,D8,S738,AGCGAGAT,,,Exp111_050321_BSS,emseq-run,Set-reads,bsexton@neb.com,500,,,2000000,,grch38_core+bs_controls,76,Paired-end,,,,Exp111_050321_BSS,,,,,,,,,,,,,,,,
0.1ng_EM-seq_BufferNoKClBSAlargebatch_150mMKCl_4ulsEM_35mins_37degrees_15mins65degrees_0.8xPCR-1,NA12878DNA,,E8,S766,TATGGCAC,,,Exp111_050321_BSS,emseq-run,Set-reads,bsexton@neb.com,500,,,2000000,,grch38_core+bs_controls,76,Paired-end,,,,Exp111_050321_BSS,,,,,,,,,,,,,,,,
0.1ng_EM-seq_BufferNoKClBSAlargebatch_150mMKCl_4ulsEM_35mins_37degrees_15mins65degrees_0.8xPCR-2,NA12878DNA,,F8,S711,GAATCACC,,,Exp111_050321_BSS,emseq-run,Set-reads,bsexton@neb.com,500,,,2000000,,grch38_core+bs_controls,76,Paired-end,,,,Exp111_050321_BSS,,,,,,,,,,,,,,,,
0.1ng_EM-seq_BufferNoKClBSAlargebatch_150mMKCl_4ulsEM_40mins_37degrees_15mins65degrees_0.8xPCR-1,NA12878DNA,,G8,S759,GTAAGGTG,,,Exp111_050321_BSS,emseq-run,Set-reads,bsexton@neb.com,500,,,2000000,,grch38_core+bs_controls,76,Paired-end,,,,Exp111_050321_BSS,,,,,,,,,,,,,,,,
0.1ng_EM-seq_BufferNoKClBSAlargebatch_150mMKCl_4ulsEM_40mins_37degrees_15mins65degrees_0.8xPCR-2,NA12878DNA,,H8,S721,CGAGAGAA,,,Exp111_050321_BSS,emseq-run,Set-reads,bsexton@neb.com,500,,,2000000,,grch38_core+bs_controls,76,Paired-end,,,,Exp111_050321_BSS,,,,,,,,,,,,,,,,
200ng_VP-1,NA12878DNA,,A9,S723,CGCAACTA,,,Exp111_050321_BSS,emseq-run,Set-reads,bsexton@neb.com,500,,,2000000,,grch38_core+bs_controls,76,Paired-end,,,,Exp111_050321_BSS,,,,,,,,,,,,,,,,
200ng_VP-2,NA12878DNA,,B9,S707,CACAGACT,,,Exp111_050321_BSS,emseq-run,Set-reads,bsexton@neb.com,500,,,2000000,,grch38_core+bs_controls,76,Paired-end,,,,Exp111_050321_BSS,,,,,,,,,,,,,,,,
50ng_VP-1,NA12878DNA,,C9,S745,TGGAAGCA,,,Exp111_050321_BSS,emseq-run,Set-reads,bsexton@neb.com,500,,,2000000,,grch38_core+bs_controls,76,Paired-end,,,,Exp111_050321_BSS,,,,,,,,,,,,,,,,
50ng_VP-2,NA12878DNA,,D9,S746,CAATAGCC,,,Exp111_050321_BSS,emseq-run,Set-reads,bsexton@neb.com,500,,,2000000,,grch38_core+bs_controls,76,Paired-end,,,,Exp111_050321_BSS,,,,,,,,,,,,,,,,
10ng_VP-1,NA12878DNA,,E9,S778,CTCGAACA,,,Exp111_050321_BSS,emseq-run,Set-reads,bsexton@neb.com,500,,,2000000,,grch38_core+bs_controls,76,Paired-end,,,,Exp111_050321_BSS,,,,,,,,,,,,,,,,
10ng_VP-2,NA12878DNA,,F9,S781,GGCAAGTT,,,Exp111_050321_BSS,emseq-run,Set-reads,bsexton@neb.com,500,,,2000000,,grch38_core+bs_controls,76,Paired-end,,,,Exp111_050321_BSS,,,,,,,,,,,,,,,,
1ng_VP-1,NA12878DNA,,G9,S740,AGCTACCA,,,Exp111_050321_BSS,emseq-run,Set-reads,bsexton@neb.com,500,,,2000000,,grch38_core+bs_controls,76,Paired-end,,,,Exp111_050321_BSS,,,,,,,,,,,,,,,,
1ng_VP-2,NA12878DNA,,H9,S792,CAGCATAC,,,Exp111_050321_BSS,emseq-run,Set-reads,bsexton@neb.com,500,,,2000000,,grch38_core+bs_controls,76,Paired-end,,,,Exp111_050321_BSS,,,,,,,,,,,,,,,,
0.5ng_VP-1,NA12878DNA,,A10,S705,CGTATCTC,,,Exp111_050321_BSS,emseq-run,Set-reads,bsexton@neb.com,500,,,2000000,,grch38_core+bs_controls,76,Paired-end,,,,Exp111_050321_BSS,,,,,,,,,,,,,,,,
0.5ng_VP-2,NA12878DNA,,B10,S701,TTACGTGC,,,Exp111_050321_BSS,emseq-run,Set-reads,bsexton@neb.com,500,,,2000000,,grch38_core+bs_controls,76,Paired-end,,,,Exp111_050321_BSS,,,,,,,,,,,,,,,,
0.1ng_VP-1,NA12878DNA,,C10,S754,AGCTAAGC,,,Exp111_050321_BSS,emseq-run,Set-reads,bsexton@neb.com,500,,,2000000,,grch38_core+bs_controls,76,Paired-end,,,,Exp111_050321_BSS,,,,,,,,,,,,,,,,
0.1ng_VP-2,NA12878DNA,,D10,S798,AAGACACC,,,Exp111_050321_BSS,emseq-run,Set-reads,bsexton@neb.com,500,,,2000000,,grch38_core+bs_controls,76,Paired-end,,,,Exp111_050321_BSS,,,,,,,,,,,,,,,,
200ng_Covaris-1,NA12878DNA,,E10,S751,CAACTCCA,,,Exp111_050321_BSS,emseq-run,Set-reads,bsexton@neb.com,500,,,2000000,,grch38_core+bs_controls,76,Paired-end,,,,Exp111_050321_BSS,,,,,,,,,,,,,,,,
200ng_Covaris-2,NA12878DNA,,F10,S717,GATCTTGC,,,Exp111_050321_BSS,emseq-run,Set-reads,bsexton@neb.com,500,,,2000000,,grch38_core+bs_controls,76,Paired-end,,,,Exp111_050321_BSS,,,,,,,,,,,,,,,,
50ng_Covaris-1,NA12878DNA,,G10,S765,CTTCACTG,,,Exp111_050321_BSS,emseq-run,Set-reads,bsexton@neb.com,500,,,2000000,,grch38_core+bs_controls,76,Paired-end,,,,Exp111_050321_BSS,,,,,,,,,,,,,,,,
50ng_Covaris-2,NA12878DNA,,H10,S793,CTCGACTT,,,Exp111_050321_BSS,emseq-run,Set-reads,bsexton@neb.com,500,,,2000000,,grch38_core+bs_controls,76,Paired-end,,,,Exp111_050321_BSS,,,,,,,,,,,,,,,,
10ng_Covaris-1,NA12878DNA,,A11,S719,GTACACCT,,,Exp111_050321_BSS,emseq-run,Set-reads,bsexton@neb.com,500,,,2000000,,grch38_core+bs_controls,76,Paired-end,,,,Exp111_050321_BSS,,,,,,,,,,,,,,,,
10ng_Covaris-2,NA12878DNA,,B11,S744,CCAAGGTT,,,Exp111_050321_BSS,emseq-run,Set-reads,bsexton@neb.com,500,,,2000000,,grch38_core+bs_controls,76,Paired-end,,,,Exp111_050321_BSS,,,,,,,,,,,,,,,,
1ng_Covaris-1,NA12878DNA,,C11,S785,GAACGGTT,,,Exp111_050321_BSS,emseq-run,Set-reads,bsexton@neb.com,500,,,2000000,,grch38_core+bs_controls,76,Paired-end,,,,Exp111_050321_BSS,,,,,,,,,,,,,,,,
1ng_Covaris-2,NA12878DNA,,D11,S718,CCAGTTGA,,,Exp111_050321_BSS,emseq-run,Set-reads,bsexton@neb.com,500,,,2000000,,grch38_core+bs_controls,76,Paired-end,,,,Exp111_050321_BSS,,,,,,,,,,,,,,,,
0.5ng_Covaris-1,NA12878DNA,,E11,S748,GTCATCGT,,,Exp111_050321_BSS,emseq-run,Set-reads,bsexton@neb.com,500,,,2000000,,grch38_core+bs_controls,76,Paired-end,,,,Exp111_050321_BSS,,,,,,,,,,,,,,,,
0.5ng_Covaris-2,NA12878DNA,,F11,S768,CAATGCGA,,,Exp111_050321_BSS,emseq-run,Set-reads,bsexton@neb.com,500,,,2000000,,grch38_core+bs_controls,76,Paired-end,,,,Exp111_050321_BSS,,,,,,,,,,,,,,,,
0.1ng_Covaris-1,NA12878DNA,,G11,S741,GGTTGAAC,,,Exp111_050321_BSS,emseq-run,Set-reads,bsexton@neb.com,500,,,2000000,,grch38_core+bs_controls,76,Paired-end,,,,Exp111_050321_BSS,,,,,,,,,,,,,,,,
0.1ng_Covaris-2,NA12878DNA,,H11,S720,CTTCGGTT,,,Exp111_050321_BSS,emseq-run,Set-reads,bsexton@neb.com,500,,,2000000,,grch38_core+bs_controls,76,Paired-end,,,,Exp111_050321_BSS,,,,,,,,,,,,,,,,