[Header],,,,,,,,,,,,,,,,,,,,,,,,,
IEMFileVersion,5,,,,,,,,,,,,,,,,,,,,,,,,
Investigator Name,BD,,,,,,,,,,,,,,,,,,,,,,,,
Experiment Name,AB-WO4-155,,,,,,,,,,,,,,,,,,,,,,,,
Date,12/28/21,,,,,,,,,,,,,,,,,,,,,,,,
Workflow,GenerateFASTQ,,,,,,,,,,,,,,,,,,,,,,,,
Application,FASTQ Only,,,,,,,,,,,,,,,,,,,,,,,,
Assay,TruSeq HT,,,,,,,,,,,,,,,,,,,,,,,,
Description,,,,,,,,,,,,,,,,,,,,,,,,,
Chemistry,amplicon,,,,,,,,,,,,,,,,,,,,,,,,
,,,,,,,,,,,,,,,,,,,,,,,,,
[Reads],,,,,,,,,,,,,,,,,,,,,,,,,
75,,,,,,,,,,,,,,,,,,,,,,,,,
75,,,,,,,,,,,,,,,,,,,,,,,,,
,,,,,,,,,,,,,,,,,,,,,,,,,
[Settings],,,,,,,,,,,,,,,,,,,,,,,,,
ReverseComplement,0,,,,,,,,,,,,,,,,,,,,,,,,
,,,,,,,,,,,,,,,,,,,,,,,,,
,,,,,,,,,,,,,,,,,,,,,,,,,
,,,,,,,,,,,,,,,,,,,,,,,,,
[Data],,,,,,,,,,,,,,,,,,,,,,,,,
Sample_ID,User,Sample_Name,Sample_Lot,Input_Amount,Condition,Sample_Plate,Sample_Well,Inline_ID,Index0,I7_Index_ID,index,I5_Index_ID,index2,Sample_Project,Description,Library_ID,Library_Type,Sample_Type,Normal_Library_IDs,Target_Set,Genome,Analysis_Type,Read_Structure,Read_Length,Product
AB-WO4-155-01,AB-WO4-155,HapMap24,x9-001c,15ng,15ng Targeted v2,,,,,DHT17,AGGATAGC,Ri501-PAGE,NNNNNNNNNNNNAGGCTATA,AB-WO4-155,patel@directedgenomics.com,,,,,TargetedPanelHSv2/EQ,b38,Research,70T8B12M8B70T,,HsAlpha